{
  "courseName": "Coding-Seekhho-C-Cpp",
  "coursecategory": "dsa",
  "viewtype": "both",
  "des": "Learn Data Structure Algorithms Using C C++ by Coding Seekhho with comprehensive video tutorials and hands-on projects.",
  "imageofcourse": "https://codingseekho.in/wp-content/uploads/2024/04/128b2ef2-64c4-4dd3-8e27-9d32bf0338f3.jpeg",
  "audio": "english",
  "cost": 0,
  "videoType": "hls",
  "redirecturl": "",
  "rank": "medium",
  "videos": [
    {
      "title": "DSA Lecture 1",
      "url": "https://appx-transcoded-videos-mcdn.akamai.net.in/videos/codingseekho-data/1925353-1707776597/hls-24ac75/720p/master-4246537.296443254.m3u8"
    },
    {
      "title": "Lecture 2 | DSA | Linked List | Introduction",
      "url": "https://appx-transcoded-videos-mcdn.akamai.net.in/videos/codingseekho-data/1925352-1707776590/hls-782a51/720p/master-9821983.12939903.m3u8"
    },
    {
      "title": "Lecture 3: DSA | Linked List Part-2",
      "url": "https://appx-transcoded-videos-mcdn.akamai.net.in/videos/codingseekho-data/1925351-1707776584/hls-acca25/720p/master-9889882.370375348.m3u8"
    },
    {
      "title": "Lecture 4: Linked List Full Program",
      "url": "https://appx-transcoded-videos-mcdn.akamai.net.in/videos/codingseekho-data/1925347-1707776555/hls-0d2abd/720p/master-7674692.100372644.m3u8"
    },
    {
      "title": "Lecture 5: Singly Linked List",
      "url": "https://appx-transcoded-videos-mcdn.akamai.net.in/videos/codingseekho-data/1925346-1707776548/hls-57d7c2/720p/master-1238400.8233029654.m3u8"
    },
    {
      "title": "Lecture 6: Singly Linked List | Insertion from end | Deletion from end",
      "url": "https://appx-transcoded-videos-mcdn.akamai.net.in/videos/codingseekho-data/1925345-1707776542/hls-42cc32/720p/master-2950784.502302377.m3u8"
    },
    {
      "title": "Lecture 7: Singly Linked List",
      "url": "https://appx-transcoded-videos-mcdn.akamai.net.in/videos/codingseekho-data/1925340-1707776436/hls-2e2571/720p/master-6844606.856442366.m3u8"
    },
    {
      "title": "Lecture 8: Doubly Linked List",
      "url": "https://appx-transcoded-videos-mcdn.akamai.net.in/videos/codingseekho-data/1925339-1707776429/hls-81195e/720p/master-6293137.734149536.m3u8"
    },
    {
      "title": "Lecture 9: DSA Doubly Linked List",
      "url": "https://appx-transcoded-videos-mcdn.akamai.net.in/videos/codingseekho-data/1925338-1707776422/hls-1470af/720p/master-7664933.348570229.m3u8"
    },
    {
      "title": "Lecture 10: Circular Linked List",
      "url": "https://appx-transcoded-videos-mcdn.akamai.net.in/videos/codingseekho-data/1925333-1707776389/hls-c3b097/720p/master-7442365.576174419.m3u8"
    },
    {
      "title": "Lecture 11:  Stack Part-1",
      "url": "https://appx-transcoded-videos-mcdn.akamai.net.in/videos/codingseekho-data/1925332-1707776383/hls-b6dbbb/720p/master-4494298.396286884.m3u8"
    },
    {
      "title": "Lecture 12: Polish Notation in DSA",
      "url": "https://appx-transcoded-videos-mcdn.akamai.net.in/videos/codingseekho-data/1925331-1707776377/hls-6aaf73/720p/master-9234749.842973756.m3u8"
    },
    {
      "title": "Lecture 13: Algorithms for infix to postfix conversion | Algorithm for Evaluation of Postfix express",
      "url": "https://appx-transcoded-videos-mcdn.akamai.net.in/videos/codingseekho-data/1925328-1707776358/hls-2ad1cf/720p/master-1385239.1511835482.m3u8"
    },
    {
      "title": "Lecture 14: Intro to Queue | Array Implementation of Queue",
      "url": "https://appx-transcoded-videos-mcdn.akamai.net.in/videos/codingseekho-data/1925327-1707776351/hls-f8a24c/720p/master-2403139.1048178175.m3u8"
    },
    {
      "title": "15. Queue program part -2 Priority queue dequeue",
      "url": "https://appx-transcoded-videos-mcdn.akamai.net.in/videos/codingseekho-data/783563-1714807694/hls-1e1986/1080p/master-8372370.758036849.m3u8"
    },
    {
      "title": "Lecture 16: Circular Linked List Program",
      "url": "https://appx-transcoded-videos-mcdn.akamai.net.in/videos/codingseekho-data/1925326-1707776345/hls-eb3756/720p/master-9307273.210061237.m3u8"
    },
    {
      "title": "Lecture 17: Searching Techniques | Linear Search",
      "url": "https://appx-transcoded-videos-mcdn.akamai.net.in/videos/codingseekho-data/1925316-1707776318/hls-73c6dd/720p/master-5533238.419742417.m3u8"
    },
    {
      "title": "Lecture 18: Searching Technique | Binary Search Full Explanation with Program",
      "url": "https://appx-transcoded-videos-mcdn.akamai.net.in/videos/codingseekho-data/1925315-1707776311/hls-68ac05/720p/master-5156956.554243148.m3u8"
    },
    {
      "title": "Lecture 19: Bubble Sort in DSA using C/C++",
      "url": "https://appx-transcoded-videos-mcdn.akamai.net.in/videos/codingseekho-data/1925314-1707776278/hls-e74432/720p/master-2470578.745529555.m3u8"
    },
    {
      "title": "Lecture 20 DSA: Selection Sort with Example | Full Program",
      "url": "https://appx-transcoded-videos-mcdn.akamai.net.in/videos/codingseekho-data/1925310-1707776252/hls-99931c/720p/master-8985312.584245749.m3u8"
    },
    {
      "title": "Lecture 21 DSA: Insertion Sort with Explanation | Full Program",
      "url": "https://appx-transcoded-videos-mcdn.akamai.net.in/videos/codingseekho-data/1925309-1707776245/hls-7662d6/720p/master-2785502.8809590675.m3u8"
    },
    {
      "title": "Lecture 22 DSA: Quick Sort with Full Explanation | Full Program",
      "url": "https://appx-transcoded-videos-mcdn.akamai.net.in/videos/codingseekho-data/1925308-1707776238/hls-8f7a24/720p/master-9307936.236467788.m3u8"
    },
    {
      "title": "23. Tree Introduction Types, Definition Binary Tree",
      "url": "https://appx-transcoded-videos-mcdn.akamai.net.in/videos/codingseekho-data/783797-1714810755/hls-905afe/1080p/master-18085.156241485212.m3u8"
    },
    {
      "title": "24. Binary Search Tree, Search, Insert, Delete",
      "url": "https://appx-transcoded-videos-mcdn.akamai.net.in/videos/codingseekho-data/783985-1714813821/hls-1fb2f1/1080p/master-5710263.958108086.m3u8"
    },
    {
      "title": "25. AVL Tree LL-RR-LR-Rl Rotations In Trees",
      "url": "https://appx-transcoded-videos-mcdn.akamai.net.in/videos/codingseekho-data/784010-1714814179/hls-a1a501/1080p/master-9774611.998673083.m3u8"
    },
    {
      "title": "26. Heap In Tree, M-Way Search Tree, B Tree In DSA",
      "url": "https://appx-transcoded-videos-mcdn.akamai.net.in/videos/codingseekho-data/784028-1714814533/hls-3b6d50/1080p/master-4987806.188487214.m3u8"
    },
    {
      "title": "27.Traversing Binary Tree, Inorder-Preorder-Postorder With Pseudo Code",
      "url": "https://appx-transcoded-videos-mcdn.akamai.net.in/videos/codingseekho-data/784060-1714814724/hls-ba6477/1080p/master-4188317.031240203.m3u8"
    },
    {
      "title": "28. Traversing Binary Tree, Level Order Traversal With Pseudo Code",
      "url": "https://appx-transcoded-videos-mcdn.akamai.net.in/videos/codingseekho-data/784092-1714815436/hls-b05908/1080p/master-4001445.032795714.m3u8"
    }
  ],
  "whatYouWillLearn": [
    "Master C/C++ programming fundamentals and data structures",
    "Implement arrays, linked lists, stacks, and queues in C/C++",
    "Learn tree and graph algorithms with practical implementations",
    "Master sorting and searching algorithms with complexity analysis",
    "Solve competitive programming problems using C/C++",
    "Understand memory management and pointer operations"
  ],
  "requirements": [
    "Basic computer knowledge",
    "Internet connection for video streaming",
    "Code editor (VS Code recommended)",
    "Motivation to learn and practice"
  ],
  "rating": {
    "average": 4.3,
    "count": 447,
    "breakdown": {
      "1": 5,
      "2": 1,
      "3": 21,
      "4": 97,
      "5": 153
    }
  },
  "duration": "18h 39m",
  "level": "Advanced",
  "language": "Hinglish",
  "studentsEnrolled": 884,
  "lastUpdated": "2025-10-20",
  "features": [
    "Lifetime Access",
    "Certificate of Completion",
    "Mobile and Desktop Access",
    "Downloadable Resources",
    "Community Support"
  ],
  "teacherId": "coding-seekhho"
}