{
  "courseName": "Amit-Digital-Logic",
  "coursecategory": "gate",
  "viewtype": "both",
  "des": "Learn Digital Logic for GATE 2028 by Amit Khurana Sir Hinglish with comprehensive video tutorials and hands-on projects.",
  "imageofcourse": "https://i.ytimg.com/vi/BvdTGXccV1s/hq720.jpg?sqp=-oaymwEhCK4FEIIDSFryq4qpAxMIARUAAAAAGAElAADIQj0AgKJD&rs=AOn4CLDf-T8O9zlz6zldmLAkDKlaFJVGCw",
  "audio": "hinglish",
  "cost": 0,
  "videoType": "hls",
  "subsection": [
    "amit-khurana",
    "gate",
    "computer-science"
  ],
  "redirecturl": "",
  "rank": "high",
  "videos": [
    {
      "title": "Introduction to Number Sytem, conversions",
      "url": "https://appx-transcoded-videos-mcdn.akamai.net.in/videos/gatecseamitkhurana-data/543762-1706871516/hls-a94acc/720p/master-2099423.6075816406.m3u8"
    },
    {
      "title": "Introduction to Number Sytem, conversions",
      "url": "https://appxcontent-mcdn.akamai.net.in/paid_course4/2024-02-02-0.03655347283020993.pdf"
    },
    {
      "title": "GATE PYQs on Conversions",
      "url": "https://appx-transcoded-videos-mcdn.akamai.net.in/videos/gatecseamitkhurana-data/546608-1706963675/hls-3f1247/720p/master-2289199.988198114.m3u8"
    },
    {
      "title": "Important tricks for Conversions",
      "url": "https://appx-transcoded-videos-mcdn.akamai.net.in/videos/gatecseamitkhurana-data/557385-1707384491/hls-77dc9f/720p/master-4110679.4828989645.m3u8"
    },
    {
      "title": "practice Questions and Arithematic Operations in diffrent Base",
      "url": "https://appx-transcoded-videos-mcdn.akamai.net.in/videos/gatecseamitkhurana-data/566252-1707720313/hls-1dfb93/720p/master-1382551.6231882419.m3u8"
    },
    {
      "title": "Arithematic Operations in diffrent Base part 2",
      "url": "https://appx-transcoded-videos-mcdn.akamai.net.in/videos/gatecseamitkhurana-data/570559-1707838268/hls-fea603/720p/master-4845039.328463269.m3u8"
    },
    {
      "title": "Introduction to Compliments",
      "url": "https://appx-transcoded-videos-mcdn.akamai.net.in/videos/gatecseamitkhurana-data/572454-1707910383/hls-464cae/720p/master-1413118.667298332.m3u8"
    },
    {
      "title": "Why Compliments , BCD code",
      "url": "https://appx-transcoded-videos-mcdn.akamai.net.in/videos/gatecseamitkhurana-data/575342-1708020120/hls-745622/720p/master-274289.5584337135.m3u8"
    },
    {
      "title": "excess 3, Self Complimenting codes, gray code",
      "url": "https://appx-transcoded-videos-mcdn.akamai.net.in/videos/gatecseamitkhurana-data/580104-1708178693/hls-1ea5e3/720p/master-7999387.280410597.m3u8"
    },
    {
      "title": "Alphanumeric codes, SMR,1's and 2's compliment representation",
      "url": "https://appx-transcoded-videos-mcdn.akamai.net.in/videos/gatecseamitkhurana-data/583308-1708349522/hls-e5e4b9/720p/master-7584236.527700146.m3u8"
    },
    {
      "title": "Addition of Signed numbers | Fixed Point Notation",
      "url": "https://appx-transcoded-videos-mcdn.akamai.net.in/videos/gatecseamitkhurana-data/601782-1709023618/hls-d7310c/720p/master-4599804.244976762.m3u8"
    },
    {
      "title": "Floating Point Notation",
      "url": "https://appx-transcoded-videos-mcdn.akamai.net.in/videos/gatecseamitkhurana-data/605698-1709129274/hls-5b194f/720p/master-3333339.968650646.m3u8"
    },
    {
      "title": "IEEE 754 Single Precision",
      "url": "https://appx-transcoded-videos-mcdn.akamai.net.in/videos/gatecseamitkhurana-data/608148-1709212625/hls-626df1/720p/master-3628030.7574766036.m3u8"
    },
    {
      "title": "IEEE 754 Double Precision",
      "url": "https://appx-transcoded-videos-mcdn.akamai.net.in/videos/gatecseamitkhurana-data/610831-1709300528/hls-94730e/720p/master-9151479.65815246.m3u8"
    },
    {
      "title": "Introduction to Boolean Algebra",
      "url": "https://appx-transcoded-videos-mcdn.akamai.net.in/videos/gatecseamitkhurana-data/613101-1709387328/hls-54c22d/720p/master-5150542.329972822.m3u8"
    },
    {
      "title": "Practice questions on Boolean Laws | Basic GATES",
      "url": "https://appx-transcoded-videos-mcdn.akamai.net.in/videos/gatecseamitkhurana-data/617155-1709564023/hls-cafaf4/720p/master-4988710.266345886.m3u8"
    },
    {
      "title": "Logic GATES",
      "url": "https://appx-transcoded-videos-mcdn.akamai.net.in/videos/gatecseamitkhurana-data/619652-1709643044/hls-e8846c/720p/master-4025752.981262203.m3u8"
    },
    {
      "title": "Duality Principle | SOP and POS",
      "url": "https://appx-transcoded-videos-mcdn.akamai.net.in/videos/gatecseamitkhurana-data/625138-1709812235/hls-5959d2/720p/master-4899984.638283255.m3u8"
    },
    {
      "title": "Types of Functions | Intro to K-maps",
      "url": "https://appx-transcoded-videos-mcdn.akamai.net.in/videos/gatecseamitkhurana-data/628069-1709901873/hls-b0c950/720p/master-3587655.180811886.m3u8"
    },
    {
      "title": "K-maps part 2",
      "url": "https://appx-transcoded-videos-mcdn.akamai.net.in/videos/gatecseamitkhurana-data/629617-1709977141/hls-31220f/720p/master-7169909.471754257.m3u8"
    },
    {
      "title": "K-maps part 3",
      "url": "https://appx-transcoded-videos-mcdn.akamai.net.in/videos/gatecseamitkhurana-data/634454-1710170979/hls-179fc2/720p/master-3561965.025847538.m3u8"
    },
    {
      "title": "K map part 4",
      "url": "https://appx-transcoded-videos-mcdn.akamai.net.in/videos/gatecseamitkhurana-data/637116-1710248024/hls-4fc4be/720p/master-3915983.314930418.m3u8"
    },
    {
      "title": "Syllabus",
      "url": "https://appx-transcoded-videos-mcdn.akamai.net.in/videos/gatecseamitkhurana-data/529414-1706345377/hls-628f77/720p/master-2772511.696029796.m3u8"
    },
    {
      "title": "Syllabus",
      "url": "https://appxcontent-mcdn.akamai.net.in/paid_course4/2024-01-27-0.3533714317309008.pdf"
    },
    {
      "title": "SR latch",
      "url": "https://appx-transcoded-videos-mcdn.akamai.net.in/videos/gatecseamitkhurana-data/684921-1711962775/hls-c75d01/720p/master-4747846.03934318.m3u8"
    },
    {
      "title": "SR flip Flop",
      "url": "https://appx-transcoded-videos-mcdn.akamai.net.in/videos/gatecseamitkhurana-data/689499-1712063958/hls-236d21/720p/master-8449416.237561211.m3u8"
    },
    {
      "title": "Jk Flip Flop",
      "url": "https://appx-transcoded-videos-mcdn.akamai.net.in/videos/gatecseamitkhurana-data/693105-1712152514/hls-4b6ebf/720p/master-353778.78963924525.m3u8"
    },
    {
      "title": "Master Slave Flip Flop",
      "url": "https://appx-transcoded-videos-mcdn.akamai.net.in/videos/gatecseamitkhurana-data/696812-1712238914/hls-54c6d1/720p/master-5293387.958457008.m3u8"
    },
    {
      "title": "Flip Flop Conversion",
      "url": "https://appx-transcoded-videos-mcdn.akamai.net.in/videos/gatecseamitkhurana-data/700059-1712321904/hls-dfc95a/720p/master-5569505.378271827.m3u8"
    },
    {
      "title": "Asynchronous Counters Part 1",
      "url": "https://appx-transcoded-videos-mcdn.akamai.net.in/videos/gatecseamitkhurana-data/702783-1712401630/hls-aa35bd/720p/master-5285027.981111936.m3u8"
    },
    {
      "title": "Asynchronous Counters Part 2",
      "url": "https://appx-transcoded-videos-mcdn.akamai.net.in/videos/gatecseamitkhurana-data/710748-1712672531/hls-b4717a/720p/master-7419670.560743072.m3u8"
    },
    {
      "title": "Asynchronous Counters Part 3",
      "url": "https://appx-transcoded-videos-mcdn.akamai.net.in/videos/gatecseamitkhurana-data/717148-1712846064/hls-946a72/720p/master-554942.0623805168.m3u8"
    },
    {
      "title": "Synchronous Counters Part 1",
      "url": "https://appx-transcoded-videos-mcdn.akamai.net.in/videos/gatecseamitkhurana-data/721568-1712990250/hls-3e8958/720p/master-1130747.28617087.m3u8"
    },
    {
      "title": "Synchronous Counters Part 2",
      "url": "https://appx-transcoded-videos-mcdn.akamai.net.in/videos/gatecseamitkhurana-data/726999-1713182477/hls-afb325/720p/master-165924.5328073511.m3u8"
    },
    {
      "title": "Setup and Hold Time",
      "url": "https://appx-transcoded-videos-mcdn.akamai.net.in/videos/gatecseamitkhurana-data/741022-1713595996/hls-d70bf7/720p/master-6086523.149966592.m3u8"
    },
    {
      "title": "Registers",
      "url": "https://appx-transcoded-videos-mcdn.akamai.net.in/videos/gatecseamitkhurana-data/749806-1713885734/hls-53a8c6/720p/master-8285349.574030254.m3u8"
    },
    {
      "title": "Half Adder , Full Adder , BCD Adder",
      "url": "https://appx-transcoded-videos-mcdn.akamai.net.in/videos/gatecseamitkhurana-data/640577-1710338387/hls-f63155/720p/master-1117681.695695394.m3u8"
    },
    {
      "title": "Look Ahead Carry Adder Part 1",
      "url": "https://appx-transcoded-videos-mcdn.akamai.net.in/videos/gatecseamitkhurana-data/642667-1710410557/hls-cc1d98/720p/master-5997368.43789459.m3u8"
    },
    {
      "title": "Look Ahead Carry Adder Part 2",
      "url": "https://appx-transcoded-videos-mcdn.akamai.net.in/videos/gatecseamitkhurana-data/646923-1710510277/hls-7ef79b/720p/master-337940.3129718184.m3u8"
    },
    {
      "title": "Look Ahead Carry Adder PYQ | Half and full subtractor(mistake @ 1:29:00 check slides)",
      "url": "https://appx-transcoded-videos-mcdn.akamai.net.in/videos/gatecseamitkhurana-data/648002-1710570034/hls-6b7503/720p/master-7429317.446827002.m3u8"
    },
    {
      "title": "Minimum Number of NAND GATES or NOR GATES Needed to realize any boolean Expression",
      "url": "https://appx-transcoded-videos-mcdn.akamai.net.in/videos/gatecseamitkhurana-data/651042-1710675336/hls-434d2d/720p/master-4427684.885692591.m3u8"
    },
    {
      "title": "Functionally Complete Set | Mux",
      "url": "https://appx-transcoded-videos-mcdn.akamai.net.in/videos/gatecseamitkhurana-data/654177-1710772549/hls-5d67c6/720p/master-9968575.884259852.m3u8"
    },
    {
      "title": "Mux part 1",
      "url": "https://appx-transcoded-videos-mcdn.akamai.net.in/videos/gatecseamitkhurana-data/656162-1710840400/hls-119a91/720p/master-2010797.3659890366.m3u8"
    },
    {
      "title": "Mux part 2",
      "url": "https://appx-transcoded-videos-mcdn.akamai.net.in/videos/gatecseamitkhurana-data/659181-1710919970/hls-e9e73f/720p/master-6334988.255544123.m3u8"
    },
    {
      "title": "Demux",
      "url": "https://appx-transcoded-videos-mcdn.akamai.net.in/videos/gatecseamitkhurana-data/663853-1711035630/hls-9e2612/720p/master-6999427.833544686.m3u8"
    },
    {
      "title": "Decoder",
      "url": "https://appx-transcoded-videos-mcdn.akamai.net.in/videos/gatecseamitkhurana-data/667743-1711196977/hls-4af2aa/720p/master-2839227.2008420248.m3u8"
    },
    {
      "title": "Encoder",
      "url": "https://appx-transcoded-videos-mcdn.akamai.net.in/videos/gatecseamitkhurana-data/667749-1711197156/hls-dd46bf/720p/master-3436241.6175910495.m3u8"
    },
    {
      "title": "ROM",
      "url": "https://appx-transcoded-videos-mcdn.akamai.net.in/videos/gatecseamitkhurana-data/668623-1711285176/hls-028fad/720p/master-4863141.713210293.m3u8"
    }
  ],
  "whatYouWillLearn": [
    "Master Boolean algebra and logic gates fundamentals",
    "Understand combinational and sequential circuit design",
    "Learn number system conversions and arithmetic operations",
    "Master Karnaugh maps and logic minimization techniques",
    "Solve GATE-level problems on flip-flops and counters",
    "Understand memory organization and digital system design"
  ],
  "requirements": [
    "Basic understanding of binary number system",
    "Knowledge of Boolean algebra fundamentals",
    "Internet connection for video streaming",
    "Calculator for number system conversions",
    "GATE exam preparation mindset and dedication"
  ],
  "rating": {
    "average": 5,
    "count": 577,
    "breakdown": {
      "1": 4,
      "2": 2,
      "3": 10,
      "4": 75,
      "5": 209
    }
  },
  "duration": "7h 35m",
  "level": "Advanced",
  "language": "English",
  "studentsEnrolled": 728,
  "lastUpdated": "2025-10-20",
  "features": [
    "Lifetime Access",
    "Certificate of Completion",
    "Mobile and Desktop Access",
    "Downloadable Resources",
    "Community Support"
  ],
  "teacherId": "amit-khurana"
}