{
  "courseName": "Amit-Discrete-Maths",
  "coursecategory": "gate",
  "viewtype": "both",
  "des": "Learn Discrete Maths DM for GATE 2028 by Amit Khurana Sir Hinglish with comprehensive video tutorials and hands-on projects.",
  "imageofcourse": "https://i.ytimg.com/vi/BvdTGXccV1s/hq720.jpg?sqp=-oaymwEhCK4FEIIDSFryq4qpAxMIARUAAAAAGAElAADIQj0AgKJD&rs=AOn4CLDf-T8O9zlz6zldmLAkDKlaFJVGCw",
  "audio": "hinglish",
  "cost": 0,
  "videoType": "hls",
  "subsection": [
    "amit-khurana",
    "gate",
    "computer-science"
  ],
  "redirecturl": "",
  "rank": "high",
  "videos": [
    {
      "title": "lecture 1 Basic operators and properties",
      "url": "https://appx-recordings-mcdn.akamai.net.in/drm/56f75d3b-183d-4c22-b2c8-ebabf0b20135/720p/drm-hls/master-2118276.6761470106.m3u8.m3u8"
    },
    {
      "title": "lecture 2 Practice Questions",
      "url": "https://appx-recordings-mcdn.akamai.net.in/drm/b984afde-0005-4f14-a0c5-9faac962847b/720p/drm-hls/master-5747251.531031503.m3u8.m3u8"
    },
    {
      "title": "lecture 3 derived operators and properties",
      "url": "https://appx-recordings-mcdn.akamai.net.in/drm/693defbc-4666-41c1-ac3a-655c5997a58b/720p/drm-hls/master-3842510.6497107577.m3u8.m3u8"
    },
    {
      "title": "lecture 4 satisfiable, tautology,contradiction, implication",
      "url": "https://appx-transcoded-videos-mcdn.akamai.net.in/videos/gatecseamitkhurana-data/367045-1703231393/hls/720p/master-6885447.620921528.m3u8"
    },
    {
      "title": "lecture 5 Double implication and translations",
      "url": "https://appx-transcoded-videos-mcdn.akamai.net.in/videos/gatecseamitkhurana-data/367046-1703223614/hls/720p/master-6349186.61081761.m3u8"
    },
    {
      "title": "lecture 6 Arguements (Mistake @ 1:08:00 check attached pdf)",
      "url": "https://appx-transcoded-videos-mcdn.akamai.net.in/videos/gatecseamitkhurana-data/367047-1703231393/hls/720p/master-384491.1639073123.m3u8"
    },
    {
      "title": "lecture 7 predicate logic part 1",
      "url": "https://appx-transcoded-videos-mcdn.akamai.net.in/videos/gatecseamitkhurana-data/367048-1703231400/hls/720p/master-944996.48282786.m3u8"
    },
    {
      "title": "lecture 8 Properties of quantifiers and introduction to translations",
      "url": "https://appx-recordings-mcdn.akamai.net.in/drm/7aadc345-baf5-4dfa-858c-1dccfa441c6e/720p/drm-hls/master-7343364.414569928.m3u8.m3u8"
    },
    {
      "title": "lecture 9 Translations",
      "url": "https://appx-recordings-mcdn.akamai.net.in/drm/e567e493-bc45-4ff0-a443-a4aec7cf5962/720p/drm-hls/master-2681007.413632277.m3u8.m3u8"
    },
    {
      "title": "lecture 10 Permutation with unlimited and no repetition",
      "url": "https://appx-transcoded-videos-mcdn.akamai.net.in/videos/gatecseamitkhurana-data/366397-1703230971/hls/720p/master-4845375.441695277.m3u8"
    },
    {
      "title": "lecture 11 permutation with Limited Repetition and 6 constraints",
      "url": "https://appx-transcoded-videos-mcdn.akamai.net.in/videos/gatecseamitkhurana-data/366398-1703230971/hls/720p/master-5413043.255121315.m3u8"
    },
    {
      "title": "lecture 12 Combination with No and Unlimited repetition",
      "url": "https://appx-recordings-mcdn.akamai.net.in/drm/0de4bca0-ad11-4148-bab6-6a215b134c49/720p/drm-hls/master-784892.6628009179.m3u8.m3u8"
    },
    {
      "title": "lecture 13 Combination with limited repetition (Generating Function)",
      "url": "https://appx-transcoded-videos-mcdn.akamai.net.in/videos/gatecseamitkhurana-data/366400-1703230977/hls/720p/master-5376403.049038676.m3u8"
    },
    {
      "title": "lecture 14 Distribution problems and Principle of inclusion exclusion",
      "url": "https://appx-transcoded-videos-mcdn.akamai.net.in/videos/gatecseamitkhurana-data/366401-1703237588/hls/720p/master-9369249.387400085.m3u8"
    },
    {
      "title": "lecture 15 Derangements and pigeon hole principle",
      "url": "https://appx-recordings-mcdn.akamai.net.in/drm/d03d237b-f3cf-4eb2-b743-1b7b43caeaa9/720p/drm-hls/master-7819406.402228157.m3u8.m3u8"
    },
    {
      "title": "lecture 16 Binomial summations",
      "url": "https://appx-transcoded-videos-mcdn.akamai.net.in/videos/gatecseamitkhurana-data/366403-1703223575/hls/720p/master-1393052.088880098.m3u8"
    },
    {
      "title": "lecture 17 Generating Functions Part 1",
      "url": "https://appx-transcoded-videos-mcdn.akamai.net.in/videos/gatecseamitkhurana-data/366404-1703223579/hls/720p/master-497709.75544562336.m3u8"
    },
    {
      "title": "lecture 18 Generating functions part 2",
      "url": "https://appx-transcoded-videos-mcdn.akamai.net.in/videos/gatecseamitkhurana-data/366405-1703231070/hls/720p/master-4306676.664934252.m3u8"
    },
    {
      "title": "lecture 19 Generating Functions Part 3",
      "url": "https://appx-transcoded-videos-mcdn.akamai.net.in/videos/gatecseamitkhurana-data/366406-1703223586/hls/720p/master-2165393.370934561.m3u8"
    },
    {
      "title": "lecture 20 Recurrence relations part 1",
      "url": "https://appx-transcoded-videos-mcdn.akamai.net.in/videos/gatecseamitkhurana-data/366407-1703233432/hls/720p/master-8224814.616492804.m3u8"
    },
    {
      "title": "lecture 21 Recurrance relations part 2",
      "url": "https://appx-transcoded-videos-mcdn.akamai.net.in/videos/gatecseamitkhurana-data/366408-1703237400/hls/720p/master-8480683.31572986.m3u8"
    },
    {
      "title": "lecture 22 Set theory (Introduction to Sets)",
      "url": "https://appx-transcoded-videos-mcdn.akamai.net.in/videos/gatecseamitkhurana-data/366458-1703238166/hls/720p/master-9276905.445368882.m3u8"
    },
    {
      "title": "lecture 23 Introduction to relations(Finding Domain and range)",
      "url": "https://appx-transcoded-videos-mcdn.akamai.net.in/videos/gatecseamitkhurana-data/366459-1703231071/hls/720p/master-9575218.138175674.m3u8"
    },
    {
      "title": "lecture 24 Introduction to Relations Part 2",
      "url": "https://appx-recordings-mcdn.akamai.net.in/drm/0f795847-23bd-427e-b48a-eaa695ff23a8/720p/drm-hls/master-5763901.0999543695.m3u8.m3u8"
    },
    {
      "title": "lecture 25 Introduction to relations part 3 (Reflexive relations)",
      "url": "https://appx-transcoded-videos-mcdn.akamai.net.in/videos/gatecseamitkhurana-data/366461-1703231071/hls/720p/master-8145255.374362976.m3u8"
    },
    {
      "title": "lecture 26 Irreflexive , Symmetric Relations",
      "url": "https://appx-transcoded-videos-mcdn.akamai.net.in/videos/gatecseamitkhurana-data/366462-1703231073/hls/720p/master-5447058.804038743.m3u8"
    },
    {
      "title": "lecture 27 Anti Symmetric , Asymmetric and Transitive relations",
      "url": "https://appx-recordings-mcdn.akamai.net.in/drm/9d324db5-fbac-43ff-a0c5-5ec932bdd5c4/720p/drm-hls/master-320614.5938820715.m3u8.m3u8"
    },
    {
      "title": "lecture 28 Counting Relations",
      "url": "https://appx-transcoded-videos-mcdn.akamai.net.in/videos/gatecseamitkhurana-data/366464-1703231074/hls/720p/master-5677273.29772306.m3u8"
    },
    {
      "title": "lecture 29 Closure of relations and Equivalnce relations",
      "url": "https://appx-recordings-mcdn.akamai.net.in/drm/cde77349-1ae6-47d8-ab40-0fad4f73affe/720p/drm-hls/master-4290126.836233081.m3u8.m3u8"
    },
    {
      "title": "lecture 30 Equivalence relations and closure properties of relations",
      "url": "https://appx-transcoded-videos-mcdn.akamai.net.in/videos/gatecseamitkhurana-data/366466-1703223604/hls/720p/master-6986450.800889008.m3u8"
    },
    {
      "title": "lecture 31 Introduction to Functions Part 1",
      "url": "https://appx-transcoded-videos-mcdn.akamai.net.in/videos/gatecseamitkhurana-data/366467-1703231225/hls/720p/master-522028.03618478065.m3u8"
    },
    {
      "title": "lecture 32 Composition of Functions and counting functions",
      "url": "https://appx-recordings-mcdn.akamai.net.in/drm/9e2bc99b-88dd-461a-b3f7-e7e3adf0cdf5/720p/drm-hls/master-8328000.57734286.m3u8.m3u8"
    },
    {
      "title": "lecture 33 Introduction to Group Theory (Identification of Group)",
      "url": "https://appx-recordings-mcdn.akamai.net.in/drm/815690df-1dc5-446d-9328-cf52b0e13e28/720p/drm-hls/master-5715954.651179633.m3u8.m3u8"
    },
    {
      "title": "lecture 34 Abelian Group and standard examples of group",
      "url": "https://appx-transcoded-videos-mcdn.akamai.net.in/videos/gatecseamitkhurana-data/366470-1703231226/hls/720p/master-7372335.609777636.m3u8"
    },
    {
      "title": "lecture 35 properties of group",
      "url": "https://appx-recordings-mcdn.akamai.net.in/drm/7411ce00-24e1-42f4-b4f8-a1b57413a6a8/720p/drm-hls/master-5702328.819423439.m3u8.m3u8"
    },
    {
      "title": "lecture 36 properties of element of group",
      "url": "https://appx-transcoded-videos-mcdn.akamai.net.in/videos/gatecseamitkhurana-data/366472-1703231231/hls/720p/master-9636910.72591486.m3u8"
    },
    {
      "title": "lecture 37 Cyclic group",
      "url": "https://appx-recordings-mcdn.akamai.net.in/drm/6c81030f-7a7f-42b6-9890-e85d9bc6b495/720p/drm-hls/master-4814291.807104453.m3u8.m3u8"
    },
    {
      "title": "lecture 38 Subgroup and lagrange's theorem, Introduction to poset",
      "url": "https://appx-recordings-mcdn.akamai.net.in/drm/a4b72e50-4dbf-4fd2-a9d9-69c74dcccacf/720p/drm-hls/master-8049460.936761001.m3u8.m3u8"
    },
    {
      "title": "lecture 39 toset,woset,toposort,exremal elements of poset",
      "url": "https://appx-transcoded-videos-mcdn.akamai.net.in/videos/gatecseamitkhurana-data/366475-1703231231/hls/720p/master-8763501.473005407.m3u8"
    },
    {
      "title": "lecture 40 Introduction to Lattice and standard examples",
      "url": "https://appx-recordings-mcdn.akamai.net.in/drm/20e27e4c-813e-4125-8dec-5a659a21d3b0/720p/drm-hls/master-23910.835908265148.m3u8.m3u8"
    },
    {
      "title": "lecture 41 Types of lattice and its properties",
      "url": "https://appx-recordings-mcdn.akamai.net.in/drm/d626a97b-d796-4d54-8efb-ada96c747f61/720p/drm-hls/master-4953979.559753312.m3u8.m3u8"
    },
    {
      "title": "lecture 42 Sub lattice and boolean algebra",
      "url": "https://appx-recordings-mcdn.akamai.net.in/drm/6325e4ac-4a47-4984-a307-5b772414e69f/720p/drm-hls/master-9610492.143044956.m3u8.m3u8"
    },
    {
      "title": "lecture 43 Introduction to Graph and special graphs",
      "url": "https://appx-recordings-mcdn.akamai.net.in/drm/9eb5a913-3a23-4759-bec2-86eb1bdbbf84/720p/drm-hls/master-2704415.8571386314.m3u8.m3u8"
    },
    {
      "title": "lecture 44 chromatic number and diamerter of special graphs",
      "url": "https://appx-recordings-mcdn.akamai.net.in/drm/7e824502-bede-41cc-a05b-616beb35bb10/720p/drm-hls/master-5171624.0395066235.m3u8.m3u8"
    },
    {
      "title": "lecture 45 Graph operations and isomorphism",
      "url": "https://appx-recordings-mcdn.akamai.net.in/drm/b9f3a06d-fd49-4d71-8ede-ff7e7e6ec7d1/720p/drm-hls/master-887043.4322047416.m3u8.m3u8"
    },
    {
      "title": "lecture 46 components, cut vertex(Articulation point),cut edge and cut set",
      "url": "https://appx-recordings-mcdn.akamai.net.in/drm/af94684c-d89d-4b96-9a0f-dddf2822d3bb/720p/drm-hls/master-2446072.6531425123.m3u8.m3u8"
    },
    {
      "title": "lecture 47 Vertex and edge connectivity , walk,path,cycle, Euler graphs",
      "url": "https://appx-recordings-mcdn.akamai.net.in/videos/gatecseamitkhurana-data/65206-1700506205/hls/720p/master-2112148.647653167.m3u8.m3u8"
    },
    {
      "title": "lecture 48 Hamiltonean and planar graphs",
      "url": "https://appx-recordings-mcdn.akamai.net.in/drm/c612179d-49b3-488e-9d41-40dea5345bd0/720p/drm-hls/master-2362355.7266805163.m3u8.m3u8"
    },
    {
      "title": "lecture 49",
      "url": "https://appx-recordings-mcdn.akamai.net.in/drm/be6081d9-b576-4913-80d7-42177ab8ae4d/720p/drm-hls/master-2182879.083248568.m3u8.m3u8"
    },
    {
      "title": "syllabus",
      "url": "https://appx-recordings-mcdn.akamai.net.in/drm/e9f4577d-d40c-4a2a-a197-1b7872c17900/720p/drm-hls/master-5235839.588031343.m3u8.m3u8"
    }
  ],
  "whatYouWillLearn": [
    "Master propositional and predicate logic fundamentals",
    "Understand set theory, relations, and functions",
    "Learn graph theory concepts and algorithms",
    "Master combinatorics and counting principles",
    "Solve GATE-level problems on discrete structures",
    "Understand mathematical induction and proof techniques"
  ],
  "requirements": [
    "Basic understanding of mathematical concepts",
    "Knowledge of set theory and logic fundamentals",
    "Internet connection for video streaming",
    "Notebook for mathematical proofs and problem solving",
    "GATE exam preparation mindset and dedication"
  ],
  "rating": {
    "average": 4.6,
    "count": 339,
    "breakdown": {
      "1": 2,
      "2": 1,
      "3": 24,
      "4": 81,
      "5": 316
    }
  },
  "duration": "9h 43m",
  "level": "Beginner",
  "language": "English",
  "studentsEnrolled": 822,
  "lastUpdated": "2025-10-20",
  "features": [
    "Lifetime Access",
    "Certificate of Completion",
    "Mobile and Desktop Access",
    "Downloadable Resources",
    "Community Support"
  ],
  "teacherId": "amit-khurana"
}