{
  "courseName": "Keerti-dsa",
  "coursecategory": "dsa",
  "viewtype": "both",
  "des": "Learn DSA by keertipurswani with comprehensive video tutorials and hands-on projects.",
  "imageofcourse": "https://appxcontent.kaxa.in/paid_course3/2024-10-27-0.7230113759590131.png",
  "audio": "english",
  "cost": 0,
  "videoType": "hls",
  "redirecturl": "",
  "rank": "medium",
  "subsection": [
    "keertipurswani",
    "educosys",
    "keerti"
  ],
  "videos": [
    {
      "title": "Day 1 - Recursion Basics",
      "url": "https://appx-recordings-mcdn.akamai.net.in/videos/keertipurswani-data/422802-1700506631/hls/720p/master-8421954.040645592.m3u8.m3u8"
    },
    {
      "title": "Day 2 - Recursion",
      "url": "https://appx-recordings-mcdn.akamai.net.in/drm/ebc87f9b-426a-43df-b849-e3467d57192d/720p/drm-hls/master-5867357.295148455.m3u8.m3u8"
    },
    {
      "title": "Day 3 - Recursion",
      "url": "https://appx-recordings-mcdn.akamai.net.in/drm/26eefb77-6ff2-43d2-a884-7985fa636e43/720p/drm-hls/master-9230925.308731286.m3u8.m3u8"
    },
    {
      "title": "Day 4 - Recursion",
      "url": "https://appx-recordings-mcdn.akamai.net.in/videos/keertipurswani-data/424691-1700820415/hls/720p/master-8032718.474148459.m3u8.m3u8"
    },
    {
      "title": "Day 5 - Introduction to DP",
      "url": "https://appx-recordings-mcdn.akamai.net.in/videos/keertipurswani-data/425626-1701110950/hls/720p/master-9278650.899912773.m3u8.m3u8"
    },
    {
      "title": "Day 6 - DP on Strings",
      "url": "https://appx-recordings-mcdn.akamai.net.in/videos/keertipurswani-data/426077-1701198538/hls/720p/master-6768709.763248859.m3u8.m3u8"
    },
    {
      "title": "Day 7 - DP - Edit Distance, Subset Sum",
      "url": "https://appx-recordings-mcdn.akamai.net.in/videos/keertipurswani-data/426656-1701282914/hls/720p/master-3779169.9919711673.m3u8.m3u8"
    },
    {
      "title": "Day 8 - Wildcard Matching",
      "url": "https://appx-recordings-mcdn.akamai.net.in/videos/keertipurswani-data/427209-1701406255/hls/720p/master-3754505.959104819.m3u8.m3u8"
    },
    {
      "title": "Day 9 - Intro to Gap Method",
      "url": "https://appx-recordings-mcdn.akamai.net.in/videos/keertipurswani-data/428541-1701713579/hls/720p/master-1220626.376180809.m3u8.m3u8"
    },
    {
      "title": "Day 10 - Gap Method",
      "url": "https://appx-recordings-mcdn.akamai.net.in/videos/keertipurswani-data/429173-1701800997/hls/720p/master-2400097.509444499.m3u8.m3u8"
    },
    {
      "title": "Day 11 - DP Practise",
      "url": "https://appx-recordings-mcdn.akamai.net.in/videos/keertipurswani-data/313683-1701890000/hls/720p/master-2872726.179531002.m3u8.m3u8"
    },
    {
      "title": "Day 12 - DP",
      "url": "https://appx-recordings-mcdn.akamai.net.in/videos/keertipurswani-data/314281-1702107564/hls/720p/master-6863498.517027551.m3u8.m3u8"
    },
    {
      "title": "Day 13 - Trees",
      "url": "https://appx-transcoded-videos-mcdn.akamai.net.in/videos/keertipurswani-data/315874-1702322133/hls/720p/master-7810298.435433218.m3u8.m3u8"
    },
    {
      "title": "Day 14 - Trees",
      "url": "https://appx-transcoded-videos-mcdn.akamai.net.in/videos/keertipurswani-data/316365-1702407318/hls/720p/master-3337048.9952078676.m3u8.m3u8"
    },
    {
      "title": "Day 15 - BST",
      "url": "https://appx-transcoded-videos-mcdn.akamai.net.in/videos/keertipurswani-data/316811-1702490963/hls/720p/master-8952704.620355412.m3u8.m3u8"
    },
    {
      "title": "Day 16 - Trees",
      "url": "https://appx-transcoded-videos-mcdn.akamai.net.in/videos/keertipurswani-data/317302-1702579744/hls/720p/master-2520699.47291397.m3u8.m3u8"
    },
    {
      "title": "Day 17 - Basics of Graphs",
      "url": "https://appx-transcoded-videos-mcdn.akamai.net.in/videos/keertipurswani-data/318614-1702923978/hls/720p/master-5778910.246709126.m3u8"
    },
    {
      "title": "Day 18 - Graphs",
      "url": "https://appx-transcoded-videos-mcdn.akamai.net.in/videos/keertipurswani-data/319141-1703016315/hls/720p/master-7169602.147302177.m3u8"
    },
    {
      "title": "Day 19 - Graphs",
      "url": "https://appx-transcoded-videos-mcdn.akamai.net.in/videos/keertipurswani-data/319581-1703096069/hls/720p/master-8745151.758276436.m3u8"
    },
    {
      "title": "Day 20 - Graphs",
      "url": "https://appx-transcoded-videos-mcdn.akamai.net.in/videos/keertipurswani-data/320020-1703183157/hls/720p/master-3994626.2961394717.m3u8"
    },
    {
      "title": "Day 21 - Graph Algos",
      "url": "https://appx-transcoded-videos-mcdn.akamai.net.in/videos/keertipurswani-data/321336-1703526818/hls-d7f722/720p/master-4023577.258527118.m3u8"
    },
    {
      "title": "Day 22 - Graph Algos",
      "url": "https://appx-transcoded-videos-mcdn.akamai.net.in/videos/keertipurswani-data/321764-1703627421/hls-5c7c7b/720p/master-3607120.202292016.m3u8"
    },
    {
      "title": "Day 23 - Graph Algos",
      "url": "https://appx-transcoded-videos-mcdn.akamai.net.in/videos/keertipurswani-data/322767-1703796100/hls-e66807/720p/master-2664947.9969166266.m3u8"
    },
    {
      "title": "Day 24 - Finale",
      "url": "https://appx-transcoded-videos-mcdn.akamai.net.in/videos/keertipurswani-data/323313-1703921425/hls-befb2c/720p/master-2467363.263685085.m3u8"
    },
    {
      "title": "Day 1 - Recursion Basics",
      "url": "https://appx-transcoded-videos-mcdn.akamai.net.in/videos/keertipurswani-data/383974-1716757999/hls-a19036/1080p/master-3722281.3765657637.m3u8"
    },
    {
      "title": "Day 2 - Recursion",
      "url": "https://appx-transcoded-videos-mcdn.akamai.net.in/videos/keertipurswani-data/383975-1716758188/hls-24b1de/1080p/master-1608221.8414058236.m3u8"
    },
    {
      "title": "Day 3 - Recursion",
      "url": "https://appx-transcoded-videos-mcdn.akamai.net.in/videos/keertipurswani-data/383976-1716758188/hls-6e7090/1080p/master-3661493.6643937803.m3u8"
    },
    {
      "title": "Day 4 - Recursion",
      "url": "https://appx-transcoded-videos-mcdn.akamai.net.in/videos/keertipurswani-data/383977-1716758355/hls-4b720a/720p/master-5469059.127556804.m3u8"
    },
    {
      "title": "Day 5 - Introduction to DP",
      "url": "https://appx-transcoded-videos-mcdn.akamai.net.in/videos/keertipurswani-data/383978-1716758539/hls-261e68/1080p/master-7895404.686702543.m3u8"
    },
    {
      "title": "Day 6 - DP on Strings",
      "url": "https://appx-transcoded-videos-mcdn.akamai.net.in/videos/keertipurswani-data/383979-1716758721/hls-c4966b/1080p/master-6058566.710266296.m3u8"
    },
    {
      "title": "Day 7 - DP - Edit Distance, Subset Sum",
      "url": "https://appx-transcoded-videos-mcdn.akamai.net.in/videos/keertipurswani-data/383980-1716758722/hls-b2c2a5/1080p/master-4175711.6847218457.m3u8"
    },
    {
      "title": "Day 8 - Wildcard Matching",
      "url": "https://appx-transcoded-videos-mcdn.akamai.net.in/videos/keertipurswani-data/383981-1716758894/hls-99060b/1080p/master-7281949.848270055.m3u8"
    },
    {
      "title": "Day 9 - Intro to Gap Method",
      "url": "https://appx-transcoded-videos-mcdn.akamai.net.in/videos/keertipurswani-data/383982-1716759080/hls-f4c27e/1080p/master-1025525.647312584.m3u8"
    },
    {
      "title": "Day 10 - Gap Method",
      "url": "https://appx-transcoded-videos-mcdn.akamai.net.in/videos/keertipurswani-data/383983-1716759081/hls-07c745/1080p/master-7153559.750095912.m3u8"
    },
    {
      "title": "Day 11 - DP Practise",
      "url": "https://appx-transcoded-videos-mcdn.akamai.net.in/videos/keertipurswani-data/383984-1716759257/hls-1fc235/1080p/master-8695238.718324333.m3u8"
    },
    {
      "title": "Day 12 - DP",
      "url": "https://appx-transcoded-videos-mcdn.akamai.net.in/videos/keertipurswani-data/383985-1716759258/hls-75adfc/1080p/master-6456174.328430644.m3u8"
    },
    {
      "title": "Day 13 - Trees",
      "url": "https://appx-transcoded-videos-mcdn.akamai.net.in/videos/keertipurswani-data/383986-1716759259/hls-e3e408/1080p/master-4813683.70176019.m3u8"
    },
    {
      "title": "Day 14 - Trees",
      "url": "https://appx-transcoded-videos-mcdn.akamai.net.in/videos/keertipurswani-data/383987-1716759438/hls-329fe4/1080p/master-9909881.69062617.m3u8"
    },
    {
      "title": "Day 15 - BST",
      "url": "https://appx-transcoded-videos-mcdn.akamai.net.in/videos/keertipurswani-data/383988-1716759438/hls-000b9d/1080p/master-1535842.6290405358.m3u8"
    },
    {
      "title": "Day 16 - Trees",
      "url": "https://appx-transcoded-videos-mcdn.akamai.net.in/videos/keertipurswani-data/383989-1716759623/hls-f4b000/1080p/master-5940422.709226916.m3u8"
    },
    {
      "title": "Day 17 - Basics of Graphs",
      "url": "https://appx-transcoded-videos-mcdn.akamai.net.in/videos/keertipurswani-data/383990-1716759798/hls-ccfdf0/1080p/master-3315230.372331788.m3u8"
    },
    {
      "title": "Day 18 - Graphs",
      "url": "https://appx-transcoded-videos-mcdn.akamai.net.in/videos/keertipurswani-data/383991-1716759980/hls-cd588f/1080p/master-7631792.387225796.m3u8"
    },
    {
      "title": "Day 19 - Graphs",
      "url": "https://appx-transcoded-videos-mcdn.akamai.net.in/videos/keertipurswani-data/383992-1716759983/hls-a14a46/1080p/master-2117218.9492957094.m3u8"
    },
    {
      "title": "Day 20 - Graphs",
      "url": "https://appx-transcoded-videos-mcdn.akamai.net.in/videos/keertipurswani-data/383993-1716760156/hls-d62975/1080p/master-665240.4282990254.m3u8"
    },
    {
      "title": "Day 21 - Graph Algos",
      "url": "https://appx-transcoded-videos-mcdn.akamai.net.in/videos/keertipurswani-data/383994-1716760337/hls-ffe1b2/1080p/master-3651972.465080684.m3u8"
    },
    {
      "title": "Day 22 - Graph Algos*",
      "url": "https://appx-transcoded-videos-mcdn.akamai.net.in/videos/keertipurswani-data/383997-1716761057/hls-90850f/1080p/master-3218591.3102056384.m3u8"
    },
    {
      "title": "Day 23 - Graph Algos",
      "url": "https://appx-transcoded-videos-mcdn.akamai.net.in/videos/keertipurswani-data/383995-1716760516/hls-5e0c32/1080p/master-2394046.3816375225.m3u8"
    },
    {
      "title": "Day 24 - Finale",
      "url": "https://appx-transcoded-videos-mcdn.akamai.net.in/videos/keertipurswani-data/383996-1716760517/hls-7e4e2d/1080p/master-2668163.9213158735.m3u8"
    },
    {
      "title": "MeetUp (14th March)",
      "url": "https://appx-transcoded-videos-mcdn.akamai.net.in/videos/keertipurswani-data/370850-1713179951/hls-98bf14/1080p/master-2687017.557124234.m3u8"
    },
    {
      "title": "Chevvanthi and Aishwarya",
      "url": "https://appx-transcoded-videos-mcdn.akamai.net.in/videos/keertipurswani-data/318619-1702924835/hls/720p/master-5503248.367924045.m3u8"
    },
    {
      "title": "Umang and Mithun",
      "url": "https://appx-transcoded-videos-mcdn.akamai.net.in/videos/keertipurswani-data/318620-1702924836/hls/720p/master-8322020.162082277.m3u8"
    },
    {
      "title": "Renuka and Uma Mahesh",
      "url": "https://appx-transcoded-videos-mcdn.akamai.net.in/videos/keertipurswani-data/318621-1702924836/hls/720p/master-6325580.445928543.m3u8"
    },
    {
      "title": "Shubham Amandeep",
      "url": "https://appx-transcoded-videos-mcdn.akamai.net.in/videos/keertipurswani-data/318622-1702925072/hls/720p/master-8111521.466453602.m3u8"
    },
    {
      "title": "Kalindi and Uma Mahesh",
      "url": "https://appx-transcoded-videos-mcdn.akamai.net.in/videos/keertipurswani-data/368507-1713179951/hls-f27c42/1080p/master-2519097.49780066.m3u8"
    }
  ],
  "whatYouWillLearn": [
    "Master fundamental data structures: arrays, linked lists, stacks, queues",
    "Understand tree and graph algorithms and traversals",
    "Learn sorting and searching algorithms with time complexity analysis",
    "Master dynamic programming and greedy algorithms",
    "Solve competitive programming problems efficiently",
    "Understand space-time complexity trade-offs in algorithm design"
  ],
  "requirements": [
    "Basic programming knowledge in any language (C/C++/Java/Python)",
    "Understanding of basic programming concepts (variables, loops, functions)",
    "Internet connection for video streaming",
    "Code editor (VS Code recommended) for practice",
    "Dedication to solve coding problems daily"
  ],
  "rating": {
    "average": 4.2,
    "count": 527,
    "breakdown": {
      "1": 3,
      "2": 7,
      "3": 38,
      "4": 52,
      "5": 248
    }
  },
  "duration": "24h 57m",
  "level": "Advanced",
  "language": "Hinglish",
  "studentsEnrolled": 1033,
  "lastUpdated": "2025-10-20",
  "features": [
    "Lifetime Access",
    "Certificate of Completion",
    "Mobile and Desktop Access",
    "Downloadable Resources",
    "Community Support"
  ],
  "teacherId": "keertipurswani"
}