{
  "courseName": "PATHFINDERS-ECE",
  "coursecategory": "gate",
  "viewtype": "both",
  "des": "Learn GATE 2026 FULL COURSE ECE THE PATHFINDERS with comprehensive video tutorials and hands-on projects.",
  "imageofcourse": "https://appx-content-v2.classx.co.in/paid_course3/2025-03-30-0.9186901032589612.png",
  "audio": "english",
  "cost": 0,
  "videoType": "hls",
  "redirecturl": "",
  "rank": "high",
  "videos": [
    {
      "title": "Prerequisites? Very Important Video",
      "url": "https://appx-transcoded-videos-mcdn.akamai.net.in/videos/prepfusion-data/890790-1717716321/hls-e46420/720p/master-9282518.679855036.m3u8"
    },
    {
      "title": "1. Basic Semiconductor Physics",
      "url": "https://appx-transcoded-videos-mcdn.akamai.net.in/videos/prepfusion-data/890753-1717708034/hls-e81c53/720p/master-7588613.852133419.m3u8"
    },
    {
      "title": "Lec -1 : Half Wave Rectifier & Centre Tapped Full Wave Rectifier",
      "url": "https://appx-transcoded-videos-mcdn.akamai.net.in/videos/prepfusion-data/1023854-1721489310/hls-8b8273/720p/master-5612656.752172269.m3u8"
    },
    {
      "title": "Lec -2 : Full Wave Bridge Rectifier & Capacitive Filters",
      "url": "https://appx-transcoded-videos-mcdn.akamai.net.in/videos/prepfusion-data/1024003-1721497234/hls-6616ea/720p/master-1920184.8062824544.m3u8"
    },
    {
      "title": "12. Common Gate and Common Drain Amplifiers",
      "url": "https://appx-transcoded-videos-mcdn.akamai.net.in/videos/prepfusion-data/887017-1717619492/hls-124d34/720p/master-5605971.959249578.m3u8"
    },
    {
      "title": "13. GmRout Method for Gain, MOS Amplifiers using PMOS",
      "url": "https://appx-transcoded-videos-mcdn.akamai.net.in/videos/prepfusion-data/887018-1717619493/hls-111d62/720p/master-4208933.98870369.m3u8"
    },
    {
      "title": "14. Assignment 7",
      "url": "https://appx-transcoded-videos-mcdn.akamai.net.in/videos/prepfusion-data/887019-1717619494/hls-5f2362/720p/master-3012542.9081039857.m3u8"
    },
    {
      "title": "15. Cascode Current Source and Amplifiers",
      "url": "https://appx-transcoded-videos-mcdn.akamai.net.in/videos/prepfusion-data/887020-1717619494/hls-37beea/720p/master-4246243.117865094.m3u8"
    },
    {
      "title": "16. Current Mirror Circuits",
      "url": "https://appx-transcoded-videos-mcdn.akamai.net.in/videos/prepfusion-data/887021-1717619494/hls-cd3556/720p/master-8796181.922887638.m3u8"
    },
    {
      "title": "17. Assignment 8 Solutions",
      "url": "https://appx-transcoded-videos-mcdn.akamai.net.in/videos/prepfusion-data/887022-1717619494/hls-a8a6aa/720p/master-2711470.939136533.m3u8"
    },
    {
      "title": "18. Assignment 9 Solutions (Fusion_Special)",
      "url": "https://appx-transcoded-videos-mcdn.akamai.net.in/videos/prepfusion-data/887023-1717619494/hls-43b772/720p/master-7796176.667286061.m3u8"
    },
    {
      "title": "19 Multistage Amplifier, Concept of Pass Transistor Logic",
      "url": "https://appx-transcoded-videos-mcdn.akamai.net.in/videos/prepfusion-data/887024-1717619495/hls-1f4436/720p/master-9892961.964114312.m3u8"
    },
    {
      "title": "20. Introduction to Frequency Response",
      "url": "https://appx-transcoded-videos-mcdn.akamai.net.in/videos/prepfusion-data/887025-1717619495/hls-e9a73a/720p/master-7948804.923628383.m3u8"
    },
    {
      "title": "21. Intuitive Method of Finding Frequency Response",
      "url": "https://appx-transcoded-videos-mcdn.akamai.net.in/videos/prepfusion-data/887026-1717619496/hls-6c527f/720p/master-7696685.633007445.m3u8"
    },
    {
      "title": "22. Frequency Response of Common Gate Amplifiers",
      "url": "https://appx-transcoded-videos-mcdn.akamai.net.in/videos/prepfusion-data/887027-1717619496/hls-bae722/720p/master-7149177.39938069.m3u8"
    },
    {
      "title": "23. Assignment 10",
      "url": "https://appx-transcoded-videos-mcdn.akamai.net.in/videos/prepfusion-data/887028-1717619497/hls-852512/720p/master-9437321.439000022.m3u8"
    },
    {
      "title": "24. Introduction to Differential Amplifiers",
      "url": "https://appx-transcoded-videos-mcdn.akamai.net.in/videos/prepfusion-data/887029-1717619498/hls-80b96e/720p/master-8980895.983850855.m3u8"
    },
    {
      "title": "25. Current Source vs Voltage source as the tail",
      "url": "https://appx-transcoded-videos-mcdn.akamai.net.in/videos/prepfusion-data/887030-1717619499/hls-4f1218/720p/master-1891406.2608599246.m3u8"
    },
    {
      "title": "26. Concept of Half Circuit, Large Signal Analysis of Differential Amplifier",
      "url": "https://appx-transcoded-videos-mcdn.akamai.net.in/videos/prepfusion-data/887031-1717619499/hls-4a65b0/720p/master-461020.98327981844.m3u8"
    },
    {
      "title": "27. Assignment 11 Solutions",
      "url": "https://appx-transcoded-videos-mcdn.akamai.net.in/videos/prepfusion-data/887032-1717619500/hls-379d38/720p/master-8470417.12830774.m3u8"
    },
    {
      "title": "3. Adder, Differential and Instrumentation Amplifier using OpAmp",
      "url": "https://appx-transcoded-videos-mcdn.akamai.net.in/videos/prepfusion-data/890607-1717700297/hls-488673/720p/master-6936042.683428278.m3u8"
    },
    {
      "title": "4. Assignment 12 Solutions",
      "url": "https://appx-transcoded-videos-mcdn.akamai.net.in/videos/prepfusion-data/890608-1717700298/hls-9f0412/720p/master-1386064.5075359535.m3u8"
    },
    {
      "title": "5. Log & Anti-Log and Rectifier using OpAmp",
      "url": "https://appx-transcoded-videos-mcdn.akamai.net.in/videos/prepfusion-data/890609-1717700299/hls-bb21d6/720p/master-1236800.8062285152.m3u8"
    },
    {
      "title": "6. Assignment 13 Solutions",
      "url": "https://appx-transcoded-videos-mcdn.akamai.net.in/videos/prepfusion-data/887001-1717619477/hls-fc3b1a/720p/master-4482369.0785743445.m3u8"
    },
    {
      "title": "7. Filters Using OpAmp",
      "url": "https://appx-transcoded-videos-mcdn.akamai.net.in/videos/prepfusion-data/887002-1717619479/hls-a186e2/720p/master-7783960.449250902.m3u8"
    },
    {
      "title": "8. Assignment 14 Solutions",
      "url": "https://appx-transcoded-videos-mcdn.akamai.net.in/videos/prepfusion-data/887003-1717619479/hls-0de4ac/720p/master-4840549.715753068.m3u8"
    },
    {
      "title": "9. Offsets in OpAmp",
      "url": "https://appx-transcoded-videos-mcdn.akamai.net.in/videos/prepfusion-data/887004-1717619479/hls-e7a7af/720p/master-3870920.4610480396.m3u8"
    },
    {
      "title": "10. CMRR, Slew Rate & Frequency Response of OpAmp",
      "url": "https://appx-transcoded-videos-mcdn.akamai.net.in/videos/prepfusion-data/887005-1717619481/hls-c77d6f/720p/master-4263802.465790565.m3u8"
    },
    {
      "title": "11. Integrator Using OpAmp",
      "url": "https://appx-transcoded-videos-mcdn.akamai.net.in/videos/prepfusion-data/887006-1717619481/hls-6fc77b/720p/master-9222329.644253848.m3u8"
    },
    {
      "title": "12. Amazing Problems on Integrator Circuit",
      "url": "https://appx-transcoded-videos-mcdn.akamai.net.in/videos/prepfusion-data/887007-1717619481/hls-462db6/720p/master-7930779.990467192.m3u8"
    },
    {
      "title": "13. Differentiator Using OpAmp",
      "url": "https://appx-transcoded-videos-mcdn.akamai.net.in/videos/prepfusion-data/887008-1717619483/hls-dc4512/720p/master-2629714.9313900704.m3u8"
    },
    {
      "title": "14. Amazing Problems on Differentiator Circuits",
      "url": "https://appx-transcoded-videos-mcdn.akamai.net.in/videos/prepfusion-data/887009-1717619486/hls-3896b1/720p/master-4120512.3519255137.m3u8"
    },
    {
      "title": "15. Assignment 15 Solutions (Fusion_Special)",
      "url": "https://appx-transcoded-videos-mcdn.akamai.net.in/videos/prepfusion-data/887010-1717619486/hls-c7f2b8/720p/master-5295679.241055309.m3u8"
    },
    {
      "title": "16. Active Clipper, Clamper & Peak Detector Using OpAmp",
      "url": "https://appx-transcoded-videos-mcdn.akamai.net.in/videos/prepfusion-data/887011-1717619490/hls-1f669b/720p/master-5181974.755321337.m3u8"
    },
    {
      "title": "17. Schmitt Trigger Using OpAmp",
      "url": "https://appx-transcoded-videos-mcdn.akamai.net.in/videos/prepfusion-data/887012-1717619490/hls-6941e0/720p/master-8420528.949523607.m3u8"
    },
    {
      "title": "18. Assignment 16 Solutions",
      "url": "https://appx-transcoded-videos-mcdn.akamai.net.in/videos/prepfusion-data/887013-1717619491/hls-918f0f/720p/master-137454.2066488371.m3u8"
    },
    {
      "title": "19. Multivibrators Using OpAmp",
      "url": "https://appx-transcoded-videos-mcdn.akamai.net.in/videos/prepfusion-data/887014-1717619491/hls-1492eb/720p/master-4627129.484689285.m3u8"
    },
    {
      "title": "20. Assignment 17 Solutions",
      "url": "https://appx-transcoded-videos-mcdn.akamai.net.in/videos/prepfusion-data/887015-1717619491/hls-4a2070/720p/master-3363372.1681734994.m3u8"
    },
    {
      "title": "21. Complete Concept of Oscillators using OpAmp",
      "url": "https://appx-transcoded-videos-mcdn.akamai.net.in/videos/prepfusion-data/887016-1717619491/hls-b9f159/720p/master-7107727.011102505.m3u8"
    },
    {
      "title": "1. Intro to BJT Physics & Biasing",
      "url": "https://appx-transcoded-videos-mcdn.akamai.net.in/videos/prepfusion-data/890615-1717700839/hls-23da0c/720p/master-4625957.5976971965.m3u8"
    },
    {
      "title": "2. Assignment 18 Solutions",
      "url": "https://appx-transcoded-videos-mcdn.akamai.net.in/videos/prepfusion-data/890616-1717700840/hls-e3a8b8/720p/master-2367893.930171279.m3u8"
    },
    {
      "title": "3. Assignment 19 Solutions",
      "url": "https://appx-transcoded-videos-mcdn.akamai.net.in/videos/prepfusion-data/890617-1717700841/hls-7d2599/720p/master-5521487.037966728.m3u8"
    },
    {
      "title": "4. Current Mirror Circuit Using BJT",
      "url": "https://appx-transcoded-videos-mcdn.akamai.net.in/videos/prepfusion-data/890618-1717700844/hls-546908/720p/master-34128.440866609824.m3u8"
    },
    {
      "title": "5. Assignment 19 Solutions",
      "url": "https://appx-transcoded-videos-mcdn.akamai.net.in/videos/prepfusion-data/890619-1717700845/hls-fb4b23/720p/master-6700866.738241775.m3u8"
    },
    {
      "title": "6. Small Signal Analysis of BJT Amplifiers",
      "url": "https://appx-transcoded-videos-mcdn.akamai.net.in/videos/prepfusion-data/890620-1717700846/hls-7f5810/720p/master-2417124.473074548.m3u8"
    },
    {
      "title": "7. Assignment 20 Solutions",
      "url": "https://appx-transcoded-videos-mcdn.akamai.net.in/videos/prepfusion-data/890621-1717700847/hls-6c7545/720p/master-2694732.0184538937.m3u8"
    },
    {
      "title": "8. Differential Amplifiers & Feedback Topologies Using BJTs",
      "url": "https://appx-transcoded-videos-mcdn.akamai.net.in/videos/prepfusion-data/890796-1717721538/hls-f5718a/720p/master-2049009.7369086603.m3u8"
    },
    {
      "title": "Complete Concept of CMOS Inverter",
      "url": "https://appx-transcoded-videos-mcdn.akamai.net.in/videos/prepfusion-data/890789-1717716317/hls-c0f349/720p/master-1890327.8348021302.m3u8"
    },
    {
      "title": "Doubt Clearing Session - 1",
      "url": "https://appx-transcoded-videos-mcdn.akamai.net.in/videos/prepfusion-data/981502-1720372220/hls-1f40a2/720p/master-1026265.5076451143.m3u8"
    },
    {
      "title": "Doubt Clearing Session - 2",
      "url": "https://appx-transcoded-videos-mcdn.akamai.net.in/videos/prepfusion-data/1028471-1721666967/hls-8f596e/720p/master-5399213.538049219.m3u8"
    },
    {
      "title": "1. Introduction to Digital Systems",
      "url": "https://appx-transcoded-videos-mcdn.akamai.net.in/videos/prepfusion-data/1162418-1725479549/hls-fe1e85/720p/master-265057.47799926647.m3u8"
    },
    {
      "title": "2. Introduction to Basic Gates and Concept of Multivibrators using NOT Gate",
      "url": "https://appx-transcoded-videos-mcdn.akamai.net.in/videos/prepfusion-data/1162419-1725479549/hls-143bbb/720p/master-5507282.092322325.m3u8"
    },
    {
      "title": "3. Introduction to Universal and Arithmetic Gates",
      "url": "https://appx-transcoded-videos-mcdn.akamai.net.in/videos/prepfusion-data/1162420-1725479549/hls-f7c77b/720p/master-231288.5847083601.m3u8"
    },
    {
      "title": "4. Implementing Boolean expressions using Minimum number of Universal Logic Gates",
      "url": "https://appx-transcoded-videos-mcdn.akamai.net.in/videos/prepfusion-data/1162421-1725479549/hls-9567ce/720p/master-7800595.676317108.m3u8"
    },
    {
      "title": "5. Interesting Concept of Universal Gates and Timing Diagrams",
      "url": "https://appx-transcoded-videos-mcdn.akamai.net.in/videos/prepfusion-data/1162422-1725479549/hls-53ccd9/720p/master-5583598.258164024.m3u8"
    },
    {
      "title": "6. Boolean Algebra, Venn Diagrams and Concept of Dual",
      "url": "https://appx-transcoded-videos-mcdn.akamai.net.in/videos/prepfusion-data/1162423-1725479550/hls-98d0b8/720p/master-3770650.263586006.m3u8"
    },
    {
      "title": "7. Assignment 1 Solutions",
      "url": "https://appx-transcoded-videos-mcdn.akamai.net.in/videos/prepfusion-data/1162424-1725479552/hls-18567c/720p/master-122208.8026078283.m3u8"
    },
    {
      "title": "8. Representation of Boolean Functions - Minterms, Maxterms",
      "url": "https://appx-transcoded-videos-mcdn.akamai.net.in/videos/prepfusion-data/1162427-1725479910/hls-502be0/720p/master-7787626.285640705.m3u8"
    },
    {
      "title": "9. Representation of Boolean Functions - SOP, POS",
      "url": "https://appx-transcoded-videos-mcdn.akamai.net.in/videos/prepfusion-data/1162428-1725479910/hls-ffa927/720p/master-7059069.511979756.m3u8"
    },
    {
      "title": "10. K-Maps_1",
      "url": "https://appx-transcoded-videos-mcdn.akamai.net.in/videos/prepfusion-data/1162429-1725479912/hls-13b286/720p/master-3838303.5878652683.m3u8"
    },
    {
      "title": "11. K-Maps_2",
      "url": "https://appx-transcoded-videos-mcdn.akamai.net.in/videos/prepfusion-data/1162430-1725479912/hls-73602d/720p/master-1253453.9030925208.m3u8"
    },
    {
      "title": "12. Concept of Implicants",
      "url": "https://appx-transcoded-videos-mcdn.akamai.net.in/videos/prepfusion-data/1162431-1725479913/hls-21ed51/720p/master-4603691.560162872.m3u8"
    },
    {
      "title": "13. Assignment 2 Solutions",
      "url": "https://appx-transcoded-videos-mcdn.akamai.net.in/videos/prepfusion-data/1254895-1727971309/hls-ec4286/720p/master-7696066.231240977.m3u8"
    },
    {
      "title": "14. Introduction to Number Systems",
      "url": "https://appx-transcoded-videos-mcdn.akamai.net.in/videos/prepfusion-data/1173003-1725821364/hls-aeec32/720p/master-6186276.476072377.m3u8"
    },
    {
      "title": "15. Arithmetic Operations of Numbers",
      "url": "https://appx-transcoded-videos-mcdn.akamai.net.in/videos/prepfusion-data/1173004-1725821366/hls-cda0bb/720p/master-1809920.5989813183.m3u8"
    },
    {
      "title": "16. Introduction to Binary Codes and their Operations",
      "url": "https://appx-transcoded-videos-mcdn.akamai.net.in/videos/prepfusion-data/1173005-1725821367/hls-c29bb6/720p/master-1776967.5512184869.m3u8"
    },
    {
      "title": "17. Signed Number Representations",
      "url": "https://appx-transcoded-videos-mcdn.akamai.net.in/videos/prepfusion-data/1173006-1725821368/hls-4644f4/720p/master-2068751.3032917338.m3u8"
    },
    {
      "title": "18. Complement's Arithmatic",
      "url": "https://appx-transcoded-videos-mcdn.akamai.net.in/videos/prepfusion-data/1173007-1725821369/hls-1f8979/720p/master-7796626.360610088.m3u8"
    },
    {
      "title": "19. Assignment 3",
      "url": "https://appx-transcoded-videos-mcdn.akamai.net.in/videos/prepfusion-data/1173008-1725821374/hls-0650f1/720p/master-9265967.479799286.m3u8"
    },
    {
      "title": "1. Introduction to Combinational Circuits",
      "url": "https://appx-transcoded-videos-mcdn.akamai.net.in/videos/prepfusion-data/1183929-1726087408/hls-2f46ba/720p/master-7137328.819225535.m3u8"
    },
    {
      "title": "2. Code Converters, 7-bit Segment Display, Parity Generator and Checker",
      "url": "https://appx-transcoded-videos-mcdn.akamai.net.in/videos/prepfusion-data/1183930-1726087408/hls-b71b53/720p/master-9751555.492721373.m3u8"
    },
    {
      "title": "3. Magnitude Comparators",
      "url": "https://appx-transcoded-videos-mcdn.akamai.net.in/videos/prepfusion-data/1183931-1726087409/hls-1ce589/720p/master-7797761.397329039.m3u8"
    },
    {
      "title": "4. Introduction to the Mux and Dealy Concept in MUX",
      "url": "https://appx-transcoded-videos-mcdn.akamai.net.in/videos/prepfusion-data/1183932-1726087410/hls-3d7854/720p/master-7430380.230972928.m3u8"
    },
    {
      "title": "5. Implementing Muxes from other level Muxes",
      "url": "https://appx-transcoded-videos-mcdn.akamai.net.in/videos/prepfusion-data/1183933-1726087411/hls-b3f254/720p/master-5225209.795101915.m3u8"
    },
    {
      "title": "6. Implementing Logical Expressions using MUX",
      "url": "https://appx-transcoded-videos-mcdn.akamai.net.in/videos/prepfusion-data/1183934-1726087411/hls-2e33e4/720p/master-2620959.5804192.m3u8"
    },
    {
      "title": "7. Demultiplexers",
      "url": "https://appx-transcoded-videos-mcdn.akamai.net.in/videos/prepfusion-data/1195901-1726430669/hls-009877/720p/master-5325766.523841435.m3u8"
    },
    {
      "title": "8. Decoders, Encoders and Priority Encoders",
      "url": "https://appx-transcoded-videos-mcdn.akamai.net.in/videos/prepfusion-data/1195902-1726430671/hls-5b21b5/720p/master-8181946.655784715.m3u8"
    },
    {
      "title": "9. Half Adders and Full Adders",
      "url": "https://appx-transcoded-videos-mcdn.akamai.net.in/videos/prepfusion-data/1195903-1726430671/hls-e326be/720p/master-6553668.474870027.m3u8"
    },
    {
      "title": "10. Delay Based Problems in Adders",
      "url": "https://appx-transcoded-videos-mcdn.akamai.net.in/videos/prepfusion-data/1195904-1726430672/hls-2515d7/720p/master-6980721.988448877.m3u8"
    },
    {
      "title": "11. Half Subtractor and Full Subtrator",
      "url": "https://appx-transcoded-videos-mcdn.akamai.net.in/videos/prepfusion-data/1195905-1726430673/hls-2c8e91/720p/master-2047023.273028945.m3u8"
    },
    {
      "title": "12. Introduction to Binary Parallel Adder",
      "url": "https://appx-transcoded-videos-mcdn.akamai.net.in/videos/prepfusion-data/1195906-1726430673/hls-852d66/720p/master-1987612.1073273967.m3u8"
    },
    {
      "title": "13. Delay Based Problems in Binary Parallel Adder",
      "url": "https://appx-transcoded-videos-mcdn.akamai.net.in/videos/prepfusion-data/1195907-1726430675/hls-b0a7bb/720p/master-8904846.777753746.m3u8"
    },
    {
      "title": "14. Look Ahead Carry Adder",
      "url": "https://appx-transcoded-videos-mcdn.akamai.net.in/videos/prepfusion-data/1195908-1726430676/hls-d69f71/720p/master-6859516.5398972705.m3u8"
    },
    {
      "title": "15. Binary Parallel Subtractor, Adder and Subtractor circuits of Different Binary codes and Binary Multiplier",
      "url": "https://appx-transcoded-videos-mcdn.akamai.net.in/videos/prepfusion-data/1195909-1726430678/hls-378105/720p/master-7577782.174939513.m3u8"
    },
    {
      "title": "16. Assignment 4 Solutions",
      "url": "https://appx-transcoded-videos-mcdn.akamai.net.in/videos/prepfusion-data/1195910-1726430684/hls-38e179/720p/master-8402188.166183662.m3u8"
    },
    {
      "title": "1. Introduction to Latches (SR Latch)",
      "url": "https://appx-transcoded-videos-mcdn.akamai.net.in/videos/prepfusion-data/1206899-1726702831/hls-f9e42b/720p/master-2168653.192996428.m3u8"
    },
    {
      "title": "2. JK, D, T Latches and Drawbacks of Latches",
      "url": "https://appx-transcoded-videos-mcdn.akamai.net.in/videos/prepfusion-data/1206900-1726702831/hls-582b56/720p/master-8647776.291730072.m3u8"
    },
    {
      "title": "3. GATED Latches",
      "url": "https://appx-transcoded-videos-mcdn.akamai.net.in/videos/prepfusion-data/1206901-1726702832/hls-9e9a9f/720p/master-3879881.1183309434.m3u8"
    },
    {
      "title": "4. Drawbacks of Gated Latches, Introduction to Flip Flops",
      "url": "https://appx-transcoded-videos-mcdn.akamai.net.in/videos/prepfusion-data/1206902-1726702832/hls-72c120/720p/master-4328231.011450307.m3u8"
    },
    {
      "title": "5. Flip Flop Conversions",
      "url": "https://appx-transcoded-videos-mcdn.akamai.net.in/videos/prepfusion-data/1206903-1726702833/hls-6a9238/720p/master-3549632.0464499043.m3u8"
    },
    {
      "title": "7. Some Miscellaneous Concepts",
      "url": "https://appx-transcoded-videos-mcdn.akamai.net.in/videos/prepfusion-data/1222918-1727138792/hls-06e06a/720p/master-6647383.628050374.m3u8"
    },
    {
      "title": "8. Introduction to the Counters",
      "url": "https://appx-transcoded-videos-mcdn.akamai.net.in/videos/prepfusion-data/1222919-1727138792/hls-b6a9eb/720p/master-5747079.27316967.m3u8"
    },
    {
      "title": "9. Binary Asynchronous Counter",
      "url": "https://appx-transcoded-videos-mcdn.akamai.net.in/videos/prepfusion-data/1222920-1727138793/hls-2f2ac0/720p/master-1284234.2299672184.m3u8"
    },
    {
      "title": "10. Non Binary Asynchronous Down Counter",
      "url": "https://appx-transcoded-videos-mcdn.akamai.net.in/videos/prepfusion-data/1222921-1727138793/hls-49424a/720p/master-3063402.5109020555.m3u8"
    },
    {
      "title": "11. Non Binary Asynchronous Up Counter",
      "url": "https://appx-transcoded-videos-mcdn.akamai.net.in/videos/prepfusion-data/1222922-1727138794/hls-5c6121/720p/master-9634740.546625681.m3u8"
    },
    {
      "title": "11_1. Decoding the Output of Asynchronous Counter",
      "url": "https://appx-transcoded-videos-mcdn.akamai.net.in/videos/prepfusion-data/1293577-1728994014/hls-5366ad/720p/master-2864808.062439008.m3u8"
    },
    {
      "title": "12. Synchronous Counter",
      "url": "https://appx-transcoded-videos-mcdn.akamai.net.in/videos/prepfusion-data/1222923-1727138794/hls-3123bf/720p/master-5468054.393252879.m3u8"
    },
    {
      "title": "13. Shift Registers and their Applications",
      "url": "https://appx-transcoded-videos-mcdn.akamai.net.in/videos/prepfusion-data/1222924-1727138795/hls-59661d/720p/master-1972254.407488958.m3u8"
    },
    {
      "title": "14. Ring Counter and Johnson Counter",
      "url": "https://appx-transcoded-videos-mcdn.akamai.net.in/videos/prepfusion-data/1222925-1727138796/hls-e4608f/720p/master-383900.232988228.m3u8"
    },
    {
      "title": "15. Delay in Synchronous Counters, Cascading Counters, In-Depth Analysis of Synchronous Clear and Preset Input",
      "url": "https://appx-transcoded-videos-mcdn.akamai.net.in/videos/prepfusion-data/1222926-1727138797/hls-d6355e/720p/master-6438768.792032903.m3u8"
    },
    {
      "title": "1. Introduction to FSM and Designing",
      "url": "https://appx-transcoded-videos-mcdn.akamai.net.in/videos/prepfusion-data/1246216-1727733329/hls-e826ae/720p/master-8625316.754883101.m3u8"
    },
    {
      "title": "2. Sequence Generation and Detection",
      "url": "https://appx-transcoded-videos-mcdn.akamai.net.in/videos/prepfusion-data/1246217-1727733333/hls-567867/720p/master-1417287.6535328794.m3u8"
    },
    {
      "title": "3. Designing Sequence Detector (Overlapping & Non-Overlapping)",
      "url": "https://appx-transcoded-videos-mcdn.akamai.net.in/videos/prepfusion-data/1246218-1727733334/hls-d8609b/720p/master-8558057.977430359.m3u8"
    },
    {
      "title": "5. Assignment 5 Solutions",
      "url": "https://appx-transcoded-videos-mcdn.akamai.net.in/videos/prepfusion-data/1246219-1727733334/hls-e7adf4/720p/master-6153089.08654977.m3u8"
    },
    {
      "title": "6. Assignment 6 Solutions",
      "url": "https://appx-transcoded-videos-mcdn.akamai.net.in/videos/prepfusion-data/1246220-1727733334/hls-bfb9dd/720p/master-4006824.256498578.m3u8"
    },
    {
      "title": "7. Assignment 7 Solutions",
      "url": "https://appx-transcoded-videos-mcdn.akamai.net.in/videos/prepfusion-data/1254032-1727971302/hls-5bef75/720p/master-9621103.890344158.m3u8"
    },
    {
      "title": "STA - 1",
      "url": "https://appx-transcoded-videos-mcdn.akamai.net.in/videos/prepfusion-data/1254592-1727971304/hls-9187dc/720p/master-9651788.723665303.m3u8"
    },
    {
      "title": "STA - 2",
      "url": "https://appx-transcoded-videos-mcdn.akamai.net.in/videos/prepfusion-data/1254593-1727971304/hls-fc6870/720p/master-3434236.353463935.m3u8"
    },
    {
      "title": "STA - 3",
      "url": "https://appx-transcoded-videos-mcdn.akamai.net.in/videos/prepfusion-data/1254594-1727971304/hls-fd7585/720p/master-9341331.501445804.m3u8"
    },
    {
      "title": "1. Introduction to the DAC",
      "url": "https://appx-transcoded-videos-mcdn.akamai.net.in/videos/prepfusion-data/1271484-1728364593/hls-ed74f6/720p/master-8859231.279211784.m3u8"
    },
    {
      "title": "2. Weighted Resistor and R-2R Ladder Type DAC",
      "url": "https://appx-transcoded-videos-mcdn.akamai.net.in/videos/prepfusion-data/1271485-1728364593/hls-511ee1/720p/master-1281783.782301904.m3u8"
    },
    {
      "title": "3. Introduction to ADC and Counter Type ADC",
      "url": "https://appx-transcoded-videos-mcdn.akamai.net.in/videos/prepfusion-data/1271486-1728364594/hls-08a8d1/720p/master-2971796.4913548967.m3u8"
    },
    {
      "title": "4. SAR Type ADC",
      "url": "https://appx-transcoded-videos-mcdn.akamai.net.in/videos/prepfusion-data/1271487-1728364595/hls-d95eb1/720p/master-440503.96787559177.m3u8"
    },
    {
      "title": "5. Flash Type ADC",
      "url": "https://appx-transcoded-videos-mcdn.akamai.net.in/videos/prepfusion-data/1271488-1728364596/hls-9a5c42/720p/master-6070590.486254179.m3u8"
    },
    {
      "title": "6. Single Slop and Dual Slope ADC & Summary",
      "url": "https://appx-transcoded-videos-mcdn.akamai.net.in/videos/prepfusion-data/1271489-1728364596/hls-d857b5/720p/master-280965.9762301742.m3u8"
    },
    {
      "title": "7. Some Important Points and Assignment 8",
      "url": "https://appx-transcoded-videos-mcdn.akamai.net.in/videos/prepfusion-data/1271490-1728364597/hls-464b19/720p/master-1410287.2480311967.m3u8"
    },
    {
      "title": "1. Logic Gate Implementation using CMOS",
      "url": "https://appx-transcoded-videos-mcdn.akamai.net.in/videos/prepfusion-data/1285194-1728663216/hls-214e02/720p/master-5723454.766638827.m3u8"
    },
    {
      "title": "2. Characteristics of Logic Families",
      "url": "https://appx-transcoded-videos-mcdn.akamai.net.in/videos/prepfusion-data/1285195-1728663219/hls-635ee3/720p/master-9697718.083322287.m3u8"
    },
    {
      "title": "3. Hazards",
      "url": "https://appx-transcoded-videos-mcdn.akamai.net.in/videos/prepfusion-data/1285196-1728663221/hls-b20d80/720p/master-3314007.168457227.m3u8"
    },
    {
      "title": "4. Programmable Logic Devices",
      "url": "https://appx-transcoded-videos-mcdn.akamai.net.in/videos/prepfusion-data/1285197-1728663223/hls-ac1842/720p/master-3968468.8982096184.m3u8"
    },
    {
      "title": "Percentage & Profit-Loss",
      "url": "https://appx-transcoded-videos-mcdn.akamai.net.in/videos/prepfusion-data/1005682-1721047241/hls-f4e2e5/720p/master-9534215.638775343.m3u8"
    },
    {
      "title": "Averages",
      "url": "https://appx-transcoded-videos-mcdn.akamai.net.in/videos/prepfusion-data/1005819-1721048852/hls-e59e59/720p/master-7717509.052909752.m3u8"
    },
    {
      "title": "Ratio, Proportion, Partnership, Allegation & Mixture",
      "url": "https://appx-transcoded-videos-mcdn.akamai.net.in/videos/prepfusion-data/1009742-1721138139/hls-5252d4/720p/master-8991339.86419695.m3u8"
    },
    {
      "title": "Time & Work",
      "url": "https://appx-transcoded-videos-mcdn.akamai.net.in/videos/prepfusion-data/1009776-1721138665/hls-892de7/720p/master-9365364.674485711.m3u8"
    },
    {
      "title": "Pipes & Cisterns",
      "url": "https://appx-transcoded-videos-mcdn.akamai.net.in/videos/prepfusion-data/1009777-1721138666/hls-c19236/720p/master-8206628.179576341.m3u8"
    },
    {
      "title": "Simple Interest & Compound Interest",
      "url": "https://appx-transcoded-videos-mcdn.akamai.net.in/videos/prepfusion-data/1005820-1721048853/hls-96c751/720p/master-9812200.958183086.m3u8"
    },
    {
      "title": "Time & Distance + Boats & Streams",
      "url": "https://appx-transcoded-videos-mcdn.akamai.net.in/videos/prepfusion-data/1005821-1721048853/hls-ef559e/720p/master-2469029.127525222.m3u8"
    },
    {
      "title": "Surds, Indicies and Logarithm",
      "url": "https://appx-transcoded-videos-mcdn.akamai.net.in/videos/prepfusion-data/1005762-1721047952/hls-5a9fa7/720p/master-2686286.3253084403.m3u8"
    },
    {
      "title": "1. Principle of Counting",
      "url": "https://appx-transcoded-videos-mcdn.akamai.net.in/videos/prepfusion-data/920326-1718561599/hls-0b468c/720p/master-1975291.8297761758.m3u8"
    },
    {
      "title": "2. Intro to Permutations & Combinations",
      "url": "https://appx-transcoded-videos-mcdn.akamai.net.in/videos/prepfusion-data/920327-1718561605/hls-095a21/720p/master-6808656.6513460055.m3u8"
    },
    {
      "title": "3. Triangle and Diagonal Based Problems, Permutations of Alike Objects, Concept of Grouping",
      "url": "https://appx-transcoded-videos-mcdn.akamai.net.in/videos/prepfusion-data/920328-1718561606/hls-b38815/720p/master-6629733.351309699.m3u8"
    },
    {
      "title": "4. Property Based Problems",
      "url": "https://appx-transcoded-videos-mcdn.akamai.net.in/videos/prepfusion-data/920329-1718561607/hls-fab3c6/720p/master-8611739.708149709.m3u8"
    },
    {
      "title": "5. Circular Permutations & Miscellaneous Examples",
      "url": "https://appx-transcoded-videos-mcdn.akamai.net.in/videos/prepfusion-data/920330-1718561611/hls-46b1d6/720p/master-4682120.2701393915.m3u8"
    },
    {
      "title": "Venn Diagrams & Set Theory",
      "url": "https://appx-transcoded-videos-mcdn.akamai.net.in/videos/prepfusion-data/1005763-1721047952/hls-219aab/720p/master-8235251.882650336.m3u8"
    },
    {
      "title": "Sequence & Series",
      "url": "https://appx-transcoded-videos-mcdn.akamai.net.in/videos/prepfusion-data/1005764-1721047952/hls-fd9166/720p/master-5236230.227896852.m3u8"
    },
    {
      "title": "Solution to Homework Problems",
      "url": "https://appx-transcoded-videos-mcdn.akamai.net.in/videos/prepfusion-data/909426-1718206114/hls-394d99/720p/master-77488.06023230248.m3u8"
    },
    {
      "title": "Direction Sense Test",
      "url": "https://appx-transcoded-videos-mcdn.akamai.net.in/videos/prepfusion-data/1005812-1721048676/hls-f79077/720p/master-2202063.826895133.m3u8"
    },
    {
      "title": "Seating Arrangement",
      "url": "https://appx-transcoded-videos-mcdn.akamai.net.in/videos/prepfusion-data/1005824-1721049024/hls-9bd14b/720p/master-1465741.6699820792.m3u8"
    },
    {
      "title": "Blood Relation",
      "url": "https://appx-transcoded-videos-mcdn.akamai.net.in/videos/prepfusion-data/1003352-1720984582/hls-779e42/720p/master-7724611.69107715.m3u8"
    },
    {
      "title": "Number Series",
      "url": "https://appx-transcoded-videos-mcdn.akamai.net.in/videos/prepfusion-data/1003353-1720984587/hls-411166/720p/master-3418358.9174863794.m3u8"
    },
    {
      "title": "Dice and Cubes",
      "url": "https://appx-transcoded-videos-mcdn.akamai.net.in/videos/prepfusion-data/1009795-1721139032/hls-6206c8/720p/master-8523665.477544438.m3u8"
    },
    {
      "title": "Data Interpretation",
      "url": "https://appx-transcoded-videos-mcdn.akamai.net.in/videos/prepfusion-data/1005825-1721049027/hls-6b959c/720p/master-4570904.725306251.m3u8"
    },
    {
      "title": "Lec 5(A) - Questions on Functions, Graph, Limits, Continuity & Differentiability",
      "url": "https://appx-transcoded-videos-mcdn.akamai.net.in/videos/prepfusion-data/936317-1718978131/hls-5ed6c6/720p/master-6353494.977132297.m3u8"
    },
    {
      "title": "Lec 5(B) - More Questions on Functions, Graph, Limits, Continuity & Differentiability",
      "url": "https://appx-transcoded-videos-mcdn.akamai.net.in/videos/prepfusion-data/936318-1718978132/hls-0f2913/720p/master-4879328.447822287.m3u8"
    },
    {
      "title": "Lec 6(A) - Concept of Differentiation & Application of Derivatives",
      "url": "https://appx-transcoded-videos-mcdn.akamai.net.in/videos/prepfusion-data/936319-1718978132/hls-d345cf/720p/master-9121229.493336009.m3u8"
    },
    {
      "title": "Lec 6(B) - Equation of Tangent & Normal",
      "url": "https://appx-transcoded-videos-mcdn.akamai.net.in/videos/prepfusion-data/936349-1718978843/hls-294640/720p/master-4875772.824214161.m3u8"
    },
    {
      "title": "Lec 7(A) - Monotonicity, Maxima & Minima",
      "url": "https://appx-transcoded-videos-mcdn.akamai.net.in/videos/prepfusion-data/937293-1719034644/hls-9944eb/720p/master-9069536.338930117.m3u8"
    },
    {
      "title": "Lec 7(B) - Maxima Minima(Contd.), Curvature & Inflection Points",
      "url": "https://appx-transcoded-videos-mcdn.akamai.net.in/videos/prepfusion-data/937294-1719034645/hls-3c25ed/720p/master-4334738.818335984.m3u8"
    },
    {
      "title": "Lec 7(C) - Mean value theorems & Taylor Series",
      "url": "https://appx-transcoded-videos-mcdn.akamai.net.in/videos/prepfusion-data/1017925-1721362225/hls-9a22d9/720p/master-1643994.4512396965.m3u8"
    },
    {
      "title": "Lec 8(A) - Partial Derivatives",
      "url": "https://appx-transcoded-videos-mcdn.akamai.net.in/videos/prepfusion-data/937295-1719034646/hls-4e72ad/720p/master-3494688.1530337627.m3u8"
    },
    {
      "title": "Lec 8(B) - Questions on Partial Derivative",
      "url": "https://appx-transcoded-videos-mcdn.akamai.net.in/videos/prepfusion-data/937296-1719034647/hls-138fd8/720p/master-7414408.716140525.m3u8"
    },
    {
      "title": "Lec 9(A) - Indefinite Integration",
      "url": "https://appx-transcoded-videos-mcdn.akamai.net.in/videos/prepfusion-data/937928-1719045085/hls-bc0cde/720p/master-868420.3398721358.m3u8"
    },
    {
      "title": "Lec 9(B) - Questions on Indefinite Integration",
      "url": "https://appx-transcoded-videos-mcdn.akamai.net.in/videos/prepfusion-data/937297-1719034647/hls-b03591/720p/master-6446654.697224641.m3u8"
    },
    {
      "title": "Lec 10(A) - Definite Integration",
      "url": "https://appx-transcoded-videos-mcdn.akamai.net.in/videos/prepfusion-data/937298-1719034648/hls-7a2da2/720p/master-7429093.522172723.m3u8"
    },
    {
      "title": "Lec 10(B) - Questions on Definite Integration",
      "url": "https://appx-transcoded-videos-mcdn.akamai.net.in/videos/prepfusion-data/937299-1719034649/hls-da6cd5/720p/master-2643535.7640561196.m3u8"
    },
    {
      "title": "Lec 11(A) - Area Under A Curve & Curve Tracing",
      "url": "https://appx-transcoded-videos-mcdn.akamai.net.in/videos/prepfusion-data/937300-1719034650/hls-f5b1e1/720p/master-4222187.978284049.m3u8"
    },
    {
      "title": "Lec 11(B) - Projection on a Plane & Multiple Integrals",
      "url": "https://appx-transcoded-videos-mcdn.akamai.net.in/videos/prepfusion-data/939848-1719112760/hls-123758/720p/master-6169149.73435722.m3u8"
    },
    {
      "title": "Lec 11(C) - Order & Region of Integration",
      "url": "https://appx-transcoded-videos-mcdn.akamai.net.in/videos/prepfusion-data/939849-1719112762/hls-308acf/720p/master-545456.4012620721.m3u8"
    },
    {
      "title": "Lec 11(C2) - More Questions on Double Integration",
      "url": "https://appx-transcoded-videos-mcdn.akamai.net.in/videos/prepfusion-data/939850-1719112762/hls-d8d07e/720p/master-5275127.88625405.m3u8"
    },
    {
      "title": "Lec 11(D) - Change of Variables & Triple Integration",
      "url": "https://appx-transcoded-videos-mcdn.akamai.net.in/videos/prepfusion-data/940220-1719119602/hls-b78bd2/720p/master-8909637.969345776.m3u8"
    },
    {
      "title": "Lec 12 - Improper Integrals, Limit of Sum & Extra Topics",
      "url": "https://appx-transcoded-videos-mcdn.akamai.net.in/videos/prepfusion-data/939851-1719112764/hls-da98c5/720p/master-8636386.797951568.m3u8"
    },
    {
      "title": "Lec 0(A) - Basics of Vector Algebra",
      "url": "https://appx-transcoded-videos-mcdn.akamai.net.in/videos/prepfusion-data/891542-1717739203/hls-43b93a/720p/master-1421589.1987282613.m3u8"
    },
    {
      "title": "Lec 0(B) - Pre-requisites for Vector Integrals, Cylindrical Symmetry",
      "url": "https://appx-transcoded-videos-mcdn.akamai.net.in/videos/prepfusion-data/891543-1717739203/hls-36bd5e/720p/master-140860.10311292307.m3u8"
    },
    {
      "title": "Lec 0(C) - Spherical Symmetry",
      "url": "https://appx-transcoded-videos-mcdn.akamai.net.in/videos/prepfusion-data/891861-1717743502/hls-3d39bf/720p/master-2068467.385735444.m3u8"
    },
    {
      "title": "Lec 0(D) - Questions on Cylindrical & Spherical Symmetry",
      "url": "https://appx-transcoded-videos-mcdn.akamai.net.in/videos/prepfusion-data/891983-1717745484/hls-a2e6d0/720p/master-4490598.427997914.m3u8"
    },
    {
      "title": "Lec 1 - Gradient & Directional Derivative of A Scalar Point Function,",
      "url": "https://appx-transcoded-videos-mcdn.akamai.net.in/videos/prepfusion-data/892183-1717749081/hls-e471f2/720p/master-5770926.571513384.m3u8"
    },
    {
      "title": "Lec 2 - Divergence & Curl of a Vector Point Function",
      "url": "https://appx-transcoded-videos-mcdn.akamai.net.in/videos/prepfusion-data/893119-1717761138/hls-56718d/720p/master-8872810.789907208.m3u8"
    },
    {
      "title": "Lec 3(A) - Integral Vector Calculus, Line Integral",
      "url": "https://appx-transcoded-videos-mcdn.akamai.net.in/videos/prepfusion-data/893120-1717761138/hls-77ef00/720p/master-6431319.796516652.m3u8"
    },
    {
      "title": "Lec 3(B) - Surface Integration, Area Vector",
      "url": "https://appx-transcoded-videos-mcdn.akamai.net.in/videos/prepfusion-data/893739-1717769059/hls-21cd7a/720p/master-8162282.298950329.m3u8"
    },
    {
      "title": "Lec 4(A) - Green's Theorem",
      "url": "https://appx-transcoded-videos-mcdn.akamai.net.in/videos/prepfusion-data/893622-1717767440/hls-8a8d75/720p/master-9879627.182881761.m3u8"
    },
    {
      "title": "Lec 4(B) - Stoke's Theorem & Gauss Divergence Theorem",
      "url": "https://appx-transcoded-videos-mcdn.akamai.net.in/videos/prepfusion-data/894139-1717780937/hls-c66985/720p/master-5327856.603012549.m3u8"
    },
    {
      "title": "Lec 1  - Order & Degree of a Differential Equation, Formation & Solution of a Differential Equation",
      "url": "https://appx-transcoded-videos-mcdn.akamai.net.in/videos/prepfusion-data/894715-1717825227/hls-f7fb79/720p/master-2482312.485417959.m3u8"
    },
    {
      "title": "Lec 2(A) - Homogeneous, Exact & Linear Differential Equation",
      "url": "https://appx-transcoded-videos-mcdn.akamai.net.in/videos/prepfusion-data/894716-1717825231/hls-86655f/720p/master-1695362.9384130808.m3u8"
    },
    {
      "title": "Lec 2(B) - Solution of Homework Questions",
      "url": "https://appx-transcoded-videos-mcdn.akamai.net.in/videos/prepfusion-data/894717-1717825235/hls-6939db/720p/master-1123799.6473384304.m3u8"
    },
    {
      "title": "Lec 3 - Non-Exact Differential Equation",
      "url": "https://appx-transcoded-videos-mcdn.akamai.net.in/videos/prepfusion-data/894718-1717825235/hls-a9326f/720p/master-1217478.8455535169.m3u8"
    },
    {
      "title": "Lec 4 - Non-Homogeneous Differential Equation, Solution of Higher Order ODE's",
      "url": "https://appx-transcoded-videos-mcdn.akamai.net.in/videos/prepfusion-data/894720-1717825236/hls-89db5d/720p/master-2311730.2191748302.m3u8"
    },
    {
      "title": "Lec 5 - Cauchy-Euler's O.D.E & Partial Differential Equation",
      "url": "https://appx-transcoded-videos-mcdn.akamai.net.in/videos/prepfusion-data/894721-1717825236/hls-55d54a/720p/master-7138821.4794771625.m3u8"
    },
    {
      "title": "Lec 0 - Basics of Complex Numbers",
      "url": "https://appx-transcoded-videos-mcdn.akamai.net.in/videos/prepfusion-data/900993-1718026833/hls-84e29e/720p/master-919261.4294246937.m3u8"
    },
    {
      "title": "Lec 1 - Mapping of Complex Functions, Limits, Continuity & Differentiability of Complex Functions",
      "url": "https://appx-transcoded-videos-mcdn.akamai.net.in/videos/prepfusion-data/898085-1717963280/hls-e1693a/720p/master-6770292.042412147.m3u8"
    },
    {
      "title": "Lec 2(A) - Analycity of Complex Functions, C-R Equations",
      "url": "https://appx-transcoded-videos-mcdn.akamai.net.in/videos/prepfusion-data/898086-1717963282/hls-df4083/720p/master-3641411.795043323.m3u8"
    },
    {
      "title": "Lec 2(B) - Milne Thompson & Total Derivative Method",
      "url": "https://appx-transcoded-videos-mcdn.akamai.net.in/videos/prepfusion-data/898087-1717963284/hls-75ae01/720p/master-5602030.8049892355.m3u8"
    },
    {
      "title": "Lec 3(A) Open Line Integration of Complex Variables, Point of Singularity",
      "url": "https://appx-transcoded-videos-mcdn.akamai.net.in/videos/prepfusion-data/898089-1717964176/hls-7dba3c/720p/master-3735253.5253604134.m3u8"
    },
    {
      "title": "Lec 3(B) - Laurentz Series, Concept of Residue",
      "url": "https://appx-transcoded-videos-mcdn.akamai.net.in/videos/prepfusion-data/898090-1717964178/hls-3edc8d/720p/master-233015.17365568626.m3u8"
    },
    {
      "title": "Lec 3(C) - Cauchy's Integral & Residue Theorem",
      "url": "https://appx-transcoded-videos-mcdn.akamai.net.in/videos/prepfusion-data/898088-1717963289/hls-012c04/720p/master-2019953.9907567755.m3u8"
    },
    {
      "title": "1. Principle of Counting",
      "url": "https://appx-transcoded-videos-mcdn.akamai.net.in/videos/prepfusion-data/920326-1718561599/hls-0b468c/720p/master-1975291.8297761758.m3u8"
    },
    {
      "title": "2. Intro to Permutations & Combinations",
      "url": "https://appx-transcoded-videos-mcdn.akamai.net.in/videos/prepfusion-data/920327-1718561605/hls-095a21/720p/master-6808656.6513460055.m3u8"
    },
    {
      "title": "3. Triangle and Diagonal Based Problems, Permutations of Alike Objects, Concept of Grouping",
      "url": "https://appx-transcoded-videos-mcdn.akamai.net.in/videos/prepfusion-data/920328-1718561606/hls-b38815/720p/master-6629733.351309699.m3u8"
    },
    {
      "title": "4. Property Based Problems",
      "url": "https://appx-transcoded-videos-mcdn.akamai.net.in/videos/prepfusion-data/920329-1718561607/hls-fab3c6/720p/master-8611739.708149709.m3u8"
    },
    {
      "title": "5. Circular Permutations & Miscellaneous Examples",
      "url": "https://appx-transcoded-videos-mcdn.akamai.net.in/videos/prepfusion-data/920330-1718561611/hls-46b1d6/720p/master-4682120.2701393915.m3u8"
    },
    {
      "title": "Solution to Homework Problems",
      "url": "https://appx-transcoded-videos-mcdn.akamai.net.in/videos/prepfusion-data/909426-1718206114/hls-394d99/720p/master-77488.06023230248.m3u8"
    },
    {
      "title": "Lec 2(A) - Basics of Statistics, Random Variables",
      "url": "https://appx-transcoded-videos-mcdn.akamai.net.in/videos/prepfusion-data/909427-1718206115/hls-e59dab/720p/master-6628169.089403837.m3u8"
    },
    {
      "title": "Lec 2(B) - Continuous Random Variables & Questions",
      "url": "https://appx-transcoded-videos-mcdn.akamai.net.in/videos/prepfusion-data/909428-1718206115/hls-fe8e1d/720p/master-5927271.949003807.m3u8"
    },
    {
      "title": "Lec 2(C) - Expectation, Standard Deviation & Variance of Random Variables",
      "url": "https://appx-transcoded-videos-mcdn.akamai.net.in/videos/prepfusion-data/909429-1718206117/hls-6f5a84/720p/master-8631392.539493356.m3u8"
    },
    {
      "title": "Lec 3(A) - Binomial & Poisson's Distribution",
      "url": "https://appx-transcoded-videos-mcdn.akamai.net.in/videos/prepfusion-data/909527-1718208798/hls-9cd293/720p/master-1584499.7228477364.m3u8"
    },
    {
      "title": "Lec 3(B) - Uniform & Exponential Distribution",
      "url": "https://appx-transcoded-videos-mcdn.akamai.net.in/videos/prepfusion-data/913513-1718340741/hls-bebed5/720p/master-8366321.821130933.m3u8"
    },
    {
      "title": "Lec 3(C) - Gaussian Distribution",
      "url": "https://appx-transcoded-videos-mcdn.akamai.net.in/videos/prepfusion-data/913514-1718340742/hls-80e121/720p/master-8095765.92261733.m3u8"
    },
    {
      "title": "Lec 3(D) - Questions on Gaussian Distribution",
      "url": "https://appx-transcoded-videos-mcdn.akamai.net.in/videos/prepfusion-data/923098-1718645847/hls-cfb1db/720p/master-1532491.6818844203.m3u8"
    },
    {
      "title": "Lec 4 - Multivariable Random Variables",
      "url": "https://appx-transcoded-videos-mcdn.akamai.net.in/videos/prepfusion-data/933524-1718914587/hls-1e4aa6/720p/master-2049353.0558267857.m3u8"
    },
    {
      "title": "Lec 5(A) - Correlation & Regression",
      "url": "https://appx-transcoded-videos-mcdn.akamai.net.in/videos/prepfusion-data/933525-1718914590/hls-71758b/720p/master-6213840.172212169.m3u8"
    },
    {
      "title": "Lec 1 - Bisection, False Position & Newton Raphson Method",
      "url": "https://appx-transcoded-videos-mcdn.akamai.net.in/videos/prepfusion-data/1003244-1720973789/hls-8e5cab/720p/master-6068176.6074929675.m3u8"
    },
    {
      "title": "Lec 2 - Numerical Integration, Numerical Method to solve Differential & Linear Equation",
      "url": "https://appx-transcoded-videos-mcdn.akamai.net.in/videos/prepfusion-data/1003241-1720973605/hls-bde913/720p/master-8903555.57829375.m3u8"
    },
    {
      "title": "Doubt Clearing & General Guidance Session - 1",
      "url": "https://appx-transcoded-videos-mcdn.akamai.net.in/videos/prepfusion-data/1048041-1722187527/hls-8c7b27/720p/master-5536329.411165337.m3u8"
    },
    {
      "title": "Lec-6 : Non-Synchronized Pipeline",
      "url": "https://appx-transcoded-videos-mcdn.akamai.net.in/videos/prepfusion-data/176929-1733777475/hls-3ee636/720p/master-2390075.0977072073.m3u8"
    },
    {
      "title": "Lec-7 : Classical RISC Pipeline & Non- Linear Pipeline",
      "url": "https://appx-transcoded-videos-mcdn.akamai.net.in/videos/prepfusion-data/176930-1733777478/hls-ef110a/720p/master-636801.0125071888.m3u8"
    },
    {
      "title": "1. Basics of Signals and Mathematical Foundation",
      "url": "https://transcoded-videos-v2.classx.co.in/videos/prepfusion-data/324788-1746371445/hls-21cb72/1080p/master-3695199.5125072612.m3u8"
    },
    {
      "title": "2. Step Signal & Rectangular Signal",
      "url": "https://transcoded-videos-v2.classx.co.in/videos/prepfusion-data/324789-1746371445/hls-55583c/720p/master-5778360.584647489.m3u8"
    },
    {
      "title": "3. Ramp Signal & Triangular Signal",
      "url": "https://transcoded-videos-v2.classx.co.in/videos/prepfusion-data/324790-1746371446/hls-a79f23/1080p/master-8784808.57223865.m3u8"
    },
    {
      "title": "4. Impulse Signal",
      "url": "https://transcoded-videos-v2.classx.co.in/videos/prepfusion-data/324791-1746371445/hls-24c2c0/1080p/master-9226866.484055568.m3u8"
    },
    {
      "title": "5. Modifying an Error",
      "url": "https://transcoded-videos-v2.classx.co.in/videos/prepfusion-data/324792-1746371447/hls-d0c37d/1080p/master-3091953.790886388.m3u8"
    },
    {
      "title": "6. Some Miscellaneous Signals",
      "url": "https://transcoded-videos-v2.classx.co.in/videos/prepfusion-data/324793-1746371447/hls-515f6d/1080p/master-5024073.605532951.m3u8"
    },
    {
      "title": "7. Understanding Complex Exponential",
      "url": "https://transcoded-videos-v2.classx.co.in/videos/prepfusion-data/324794-1746371447/hls-b10f9b/1080p/master-198573.87895251933.m3u8"
    },
    {
      "title": "8. Periodicity of a Signal",
      "url": "https://transcoded-videos-v2.classx.co.in/videos/prepfusion-data/324795-1746371447/hls-5f585d/1080p/master-2544885.0140092038.m3u8"
    },
    {
      "title": "9. Orthogonality of Signals",
      "url": "https://transcoded-videos-v2.classx.co.in/videos/prepfusion-data/324796-1746371449/hls-994efb/1080p/master-7236279.828608949.m3u8"
    },
    {
      "title": "10. Energy of a Signal",
      "url": "https://transcoded-videos-v2.classx.co.in/videos/prepfusion-data/324797-1746371449/hls-4c251b/1080p/master-4067531.873563892.m3u8"
    },
    {
      "title": "11. Average of a signal",
      "url": "https://transcoded-videos-v2.classx.co.in/videos/prepfusion-data/324798-1746371450/hls-cae7ad/1080p/master-3378559.778345429.m3u8"
    },
    {
      "title": "12. Power of a signal",
      "url": "https://transcoded-videos-v2.classx.co.in/videos/prepfusion-data/324799-1746371450/hls-4076a5/1080p/master-5857897.136555348.m3u8"
    },
    {
      "title": "13. Even, Odd, Conjugate Symmetry & Conjugate Anti Symmetry Signals",
      "url": "https://transcoded-videos-v2.classx.co.in/videos/prepfusion-data/324800-1746371450/hls-b58c6a/1080p/master-7456501.852262634.m3u8"
    },
    {
      "title": "14. Discrete Time Signals and Their Types",
      "url": "https://transcoded-videos-v2.classx.co.in/videos/prepfusion-data/324801-1746371450/hls-53165f/1080p/master-9846611.125447115.m3u8"
    },
    {
      "title": "15. Classification of Discrete time signals",
      "url": "https://transcoded-videos-v2.classx.co.in/videos/prepfusion-data/324802-1746371450/hls-630cb6/720p/master-1176086.220516208.m3u8"
    },
    {
      "title": "1. Continuous Time Convolution",
      "url": "https://transcoded-videos-v2.classx.co.in/videos/prepfusion-data/324676-1746356504/hls-f8922e/720p/master-8804873.040597778.m3u8"
    },
    {
      "title": "2. Discrete Time Convolution",
      "url": "https://transcoded-videos-v2.classx.co.in/videos/prepfusion-data/324677-1746356504/hls-b0c337/1080p/master-4251506.943212653.m3u8"
    },
    {
      "title": "3. Linear & Non Linear Systems",
      "url": "https://transcoded-videos-v2.classx.co.in/videos/prepfusion-data/324678-1746356505/hls-7dd524/1080p/master-7239886.102435551.m3u8"
    },
    {
      "title": "4. Time Variant & Time Invariant Systems",
      "url": "https://transcoded-videos-v2.classx.co.in/videos/prepfusion-data/324679-1746356505/hls-c745e6/1080p/master-3918427.743752617.m3u8"
    },
    {
      "title": "5. LTI Systems",
      "url": "https://transcoded-videos-v2.classx.co.in/videos/prepfusion-data/324680-1746356506/hls-7b2df1/1080p/master-1351149.7549569819.m3u8"
    },
    {
      "title": "6. Static, Dynamic, Causal & Non Causal Systems",
      "url": "https://transcoded-videos-v2.classx.co.in/videos/prepfusion-data/324681-1746356506/hls-826f34/1080p/master-1277991.2836371409.m3u8"
    },
    {
      "title": "7.  Systems Involving Differential Equations",
      "url": "https://transcoded-videos-v2.classx.co.in/videos/prepfusion-data/324682-1746356506/hls-ca5412/1080p/master-6155020.59075794.m3u8"
    },
    {
      "title": "8. Stable & Unstable Systems",
      "url": "https://transcoded-videos-v2.classx.co.in/videos/prepfusion-data/324683-1746356504/hls-5af62c/1080p/master-2473148.501680036.m3u8"
    },
    {
      "title": "9. Invertible & Non invertible Systems",
      "url": "https://transcoded-videos-v2.classx.co.in/videos/prepfusion-data/324684-1746356506/hls-c46ee4/1080p/master-481901.9811019576.m3u8"
    },
    {
      "title": "10. Properties of LTI Systems",
      "url": "https://transcoded-videos-v2.classx.co.in/videos/prepfusion-data/324685-1746356506/hls-da9d50/1080p/master-837343.5201201063.m3u8"
    },
    {
      "title": "1. Introduction to the Fourier Series",
      "url": "https://transcoded-videos-v2.classx.co.in/videos/prepfusion-data/324765-1746368025/hls-62ef9e/1080p/master-5203192.565945584.m3u8"
    },
    {
      "title": "2. Exponential Fourier Series",
      "url": "https://transcoded-videos-v2.classx.co.in/videos/prepfusion-data/324766-1746368026/hls-b9ba98/1080p/master-1960303.5205614704.m3u8"
    },
    {
      "title": "3. Predicting the nature of Signal Using Exponential  Fourier Series Coeffcient -",
      "url": "https://transcoded-videos-v2.classx.co.in/videos/prepfusion-data/324767-1746368026/hls-882dbc/1080p/master-4823561.286771412.m3u8"
    },
    {
      "title": "4. Power using Fourier Series Coefficients",
      "url": "https://transcoded-videos-v2.classx.co.in/videos/prepfusion-data/324768-1746368026/hls-8720ab/1080p/master-1275193.3726793153.m3u8"
    },
    {
      "title": "5. Some Properties of Exponential Fourier Series",
      "url": "https://transcoded-videos-v2.classx.co.in/videos/prepfusion-data/324769-1746368026/hls-0d11b1/1080p/master-9936262.463966861.m3u8"
    },
    {
      "title": "Modifying an Error",
      "url": "https://transcoded-videos-v2.classx.co.in/videos/prepfusion-data/303258-1744711840/hls-11e114/1080p/master-7772201.824096365.m3u8"
    },
    {
      "title": "6. Finding Exponential Fourier Series Coeffcient of Periodic Waveforms",
      "url": "https://transcoded-videos-v2.classx.co.in/videos/prepfusion-data/324770-1746368026/hls-4499b5/1080p/master-2416087.0961168814.m3u8"
    },
    {
      "title": "7. Symmetry in Trigonometric Fourier Series",
      "url": "https://transcoded-videos-v2.classx.co.in/videos/prepfusion-data/324771-1746368027/hls-9c42c9/1080p/master-4978918.102838654.m3u8"
    },
    {
      "title": "8. Some more Properties of Exponential Fourier Series",
      "url": "https://transcoded-videos-v2.classx.co.in/videos/prepfusion-data/324772-1746368027/hls-0ba27c/1080p/master-5697413.116314214.m3u8"
    },
    {
      "title": "9. Polar Form, Drichlet's Conditions & Gibbs Phenomena",
      "url": "https://transcoded-videos-v2.classx.co.in/videos/prepfusion-data/324773-1746368027/hls-df29b2/1080p/master-4985478.992786869.m3u8"
    },
    {
      "title": "1. Introduction to the Fourier Transform",
      "url": "https://transcoded-videos-v2.classx.co.in/videos/prepfusion-data/319589-1745970765/hls-2b3fde/1080p/master-8919399.606523002.m3u8"
    },
    {
      "title": "2. Some Properties of Fourier Transform",
      "url": "https://transcoded-videos-v2.classx.co.in/videos/prepfusion-data/319590-1745970765/hls-ca7c2a/1080p/master-8299324.158138917.m3u8"
    },
    {
      "title": "3. Fourier Transform of Some Standard Signals",
      "url": "https://transcoded-videos-v2.classx.co.in/videos/prepfusion-data/319591-1745970766/hls-09ac3d/1080p/master-3588735.940090848.m3u8"
    },
    {
      "title": "4. Duality Property & some miscellenous Concepts",
      "url": "https://transcoded-videos-v2.classx.co.in/videos/prepfusion-data/319592-1745970766/hls-1f63f9/1080p/master-5825936.338299487.m3u8"
    },
    {
      "title": "5. F.T. of Rectangular, Traiangular, Sampling & Sampling Square Signals",
      "url": "https://transcoded-videos-v2.classx.co.in/videos/prepfusion-data/319593-1745970766/hls-3dbc66/1080p/master-2289683.5692757424.m3u8"
    },
    {
      "title": "6. Fourier Transform of Periodic Signals",
      "url": "https://transcoded-videos-v2.classx.co.in/videos/prepfusion-data/324282-1746287742/hls-cb4a46/1080p/master-2237701.1133823665.m3u8"
    },
    {
      "title": "7. Commenting on The Nature of Signal Based on its Frequency Spectrum",
      "url": "https://transcoded-videos-v2.classx.co.in/videos/prepfusion-data/324283-1746287742/hls-d54a15/1080p/master-6004994.71237135.m3u8"
    },
    {
      "title": "8. Differentiation, Integration, Multiplication & Convolution Property & Parseval's theorem",
      "url": "https://transcoded-videos-v2.classx.co.in/videos/prepfusion-data/324284-1746287743/hls-42e3bf/720p/master-8103385.962671581.m3u8"
    },
    {
      "title": "9. LTI Systems & Analog Filters",
      "url": "https://transcoded-videos-v2.classx.co.in/videos/prepfusion-data/324285-1746287743/hls-f8f6e5/1080p/master-6793654.410971419.m3u8"
    },
    {
      "title": "10. Nyquist Rate of Baseband & Bandpass Signals",
      "url": "https://transcoded-videos-v2.classx.co.in/videos/prepfusion-data/324286-1746287744/hls-df7e61/1080p/master-4243937.223400793.m3u8"
    },
    {
      "title": "11. Sampling",
      "url": "https://transcoded-videos-v2.classx.co.in/videos/prepfusion-data/324346-1746294040/hls-7a2a1c/720p/master-8293398.449193366.m3u8"
    },
    {
      "title": "1. Introduction to the Laplace Transform & Some Basic Terminologies",
      "url": "https://transcoded-videos-v2.classx.co.in/videos/prepfusion-data/339565-1747327066/hls-7ccb27/1080p/master-6775204.823278178.m3u8"
    },
    {
      "title": "2. Laplace Transform of Some Standard Signals & Some Properties - 1",
      "url": "https://transcoded-videos-v2.classx.co.in/videos/prepfusion-data/339566-1747327066/hls-7b98aa/1080p/master-3476921.702614817.m3u8"
    },
    {
      "title": "3. Laplace Transform of Some Standard Signals & Some Properties - 2",
      "url": "https://transcoded-videos-v2.classx.co.in/videos/prepfusion-data/339567-1747327066/hls-b88e17/1080p/master-3414150.3610094115.m3u8"
    },
    {
      "title": "4. In Depth Discussion of ROC",
      "url": "https://transcoded-videos-v2.classx.co.in/videos/prepfusion-data/342902-1747575465/hls-a5c080/1080p/master-354111.7697185325.m3u8"
    },
    {
      "title": "5. Some more Properties & Cascading LTI Systems",
      "url": "https://transcoded-videos-v2.classx.co.in/videos/prepfusion-data/342903-1747575465/hls-353fc1/1080p/master-3174766.685155208.m3u8"
    },
    {
      "title": "6. Inverse Laplace Transform",
      "url": "https://transcoded-videos-v2.classx.co.in/videos/prepfusion-data/342904-1747575464/hls-1f69c9/1080p/master-8615771.961790705.m3u8"
    },
    {
      "title": "7. Interrelating EFSC, FT & LT",
      "url": "https://transcoded-videos-v2.classx.co.in/videos/prepfusion-data/342905-1747575466/hls-5823b3/1080p/master-6534662.102571236.m3u8"
    },
    {
      "title": "8. Concept of Eigen Value & Eigen Functions",
      "url": "https://transcoded-videos-v2.classx.co.in/videos/prepfusion-data/345353-1747743045/hls-1a5fda/1080p/master-2117053.7107253564.m3u8"
    },
    {
      "title": "9. Unilateral Laplace Transform (ULT)",
      "url": "https://transcoded-videos-v2.classx.co.in/videos/prepfusion-data/345354-1747743047/hls-8365d6/1080p/master-3016183.7337967134.m3u8"
    },
    {
      "title": "1. Important Concept related to ROC in Laplace Transform",
      "url": "https://transcoded-videos-v2.classx.co.in/videos/prepfusion-data/362695-1749067309/hls-f035ed/1080p/master-3152617.6788510107.m3u8"
    },
    {
      "title": "2. Basic Introduction to DTFS, DTFT & DFT",
      "url": "https://transcoded-videos-v2.classx.co.in/videos/prepfusion-data/362696-1749067311/hls-bb185f/720p/master-5180337.895432357.m3u8"
    },
    {
      "title": "3. Introduction to Z Transform",
      "url": "https://transcoded-videos-v2.classx.co.in/videos/prepfusion-data/362697-1749067311/hls-9cc7f2/1080p/master-1888202.4007965503.m3u8"
    },
    {
      "title": "4. Z-Transform & ROC -1",
      "url": "https://transcoded-videos-v2.classx.co.in/videos/prepfusion-data/362698-1749067312/hls-a95509/1080p/master-8903081.186718551.m3u8"
    },
    {
      "title": "5. Z-Transform & ROC -2",
      "url": "https://transcoded-videos-v2.classx.co.in/videos/prepfusion-data/362699-1749067312/hls-2671e2/1080p/master-6835675.166074924.m3u8"
    },
    {
      "title": "6. Inverse Z-Transform",
      "url": "https://transcoded-videos-v2.classx.co.in/videos/prepfusion-data/362700-1749067312/hls-44901b/1080p/master-7202558.978239208.m3u8"
    },
    {
      "title": "7. Some Important Concepts of Z Transform",
      "url": "https://transcoded-videos-v2.classx.co.in/videos/prepfusion-data/362701-1749067313/hls-fc30f1/1080p/master-4760395.844834128.m3u8"
    },
    {
      "title": "8. Unilateral Z Transform",
      "url": "https://transcoded-videos-v2.classx.co.in/videos/prepfusion-data/362702-1749067314/hls-e59d75/1080p/master-4468071.664319339.m3u8"
    },
    {
      "title": "1. DTFT-1",
      "url": "https://transcoded-videos-v2.classx.co.in/videos/prepfusion-data/380613-1750379690/hls-d0fe3b/1080p/master-9374257.629129691.m3u8"
    },
    {
      "title": "2. DTFT-2",
      "url": "https://transcoded-videos-v2.classx.co.in/videos/prepfusion-data/380614-1750379691/hls-6f0a5d/720p/master-1987505.55477071.m3u8"
    },
    {
      "title": "3. Understanding the Circular Convolution",
      "url": "https://transcoded-videos-v2.classx.co.in/videos/prepfusion-data/380615-1750379691/hls-de0030/1080p/master-2249243.8588203224.m3u8"
    },
    {
      "title": "4. DTFS",
      "url": "https://transcoded-videos-v2.classx.co.in/videos/prepfusion-data/380616-1750379692/hls-f5f432/720p/master-1674370.1366356167.m3u8"
    },
    {
      "title": "5. DFT-1",
      "url": "https://transcoded-videos-v2.classx.co.in/videos/prepfusion-data/380617-1750379691/hls-a36e3d/1080p/master-4389693.287365491.m3u8"
    },
    {
      "title": "6. DFT-2",
      "url": "https://transcoded-videos-v2.classx.co.in/videos/prepfusion-data/380618-1750379693/hls-78c46d/1080p/master-4026771.125955051.m3u8"
    },
    {
      "title": "7. Group Delay, Phase Delay & Basics of FFT",
      "url": "https://transcoded-videos-v2.classx.co.in/videos/prepfusion-data/381025-1750400751/hls-2ae065/1080p/master-1257953.4596913923.m3u8"
    },
    {
      "title": "8. FFT (Only IN)",
      "url": "https://transcoded-videos-v2.classx.co.in/videos/prepfusion-data/381026-1750400753/hls-7407c2/1080p/master-1039214.4527389746.m3u8"
    },
    {
      "title": "1. Introduction to Vector Algebra",
      "url": "https://transcoded-videos-v2.classx.co.in/videos/prepfusion-data/188954-1734901009/hls-989699/720p/master-6249624.088025152.m3u8"
    },
    {
      "title": "2. Cartesian and Cylindrical Coordinate Systems",
      "url": "https://transcoded-videos-v2.classx.co.in/videos/prepfusion-data/188955-1734901009/hls-0b05f9/720p/master-1974754.6367399083.m3u8"
    },
    {
      "title": "3. Cylindrical(Contd) and Spehrical Coordinate Systems",
      "url": "https://transcoded-videos-v2.classx.co.in/videos/prepfusion-data/188956-1734901009/hls-fb78f8/720p/master-5537448.07329154.m3u8"
    },
    {
      "title": "4. Summary, Some Important Points and Assignment - 1 Solutions",
      "url": "https://transcoded-videos-v2.classx.co.in/videos/prepfusion-data/188957-1734901010/hls-d25792/720p/master-1910436.8812935357.m3u8"
    },
    {
      "title": "5. Complete Concept of Gradient",
      "url": "https://transcoded-videos-v2.classx.co.in/videos/prepfusion-data/188958-1734901010/hls-312f06/720p/master-6734379.32244551.m3u8"
    },
    {
      "title": "6. Divergence, Curl and Some Identities",
      "url": "https://transcoded-videos-v2.classx.co.in/videos/prepfusion-data/188959-1734901012/hls-1be3c0/720p/master-8479639.821514605.m3u8"
    },
    {
      "title": "7. Integral Calculus and Questions",
      "url": "https://transcoded-videos-v2.classx.co.in/videos/prepfusion-data/188960-1734901012/hls-5110b3/720p/master-1316180.7322075458.m3u8"
    },
    {
      "title": "8. Divergence Theorem, Stokes Theorem and Questions",
      "url": "https://transcoded-videos-v2.classx.co.in/videos/prepfusion-data/188961-1734901013/hls-4477de/720p/master-2014449.841396313.m3u8"
    },
    {
      "title": "9. Some Important Points and Assignment 2 Solutions",
      "url": "https://transcoded-videos-v2.classx.co.in/videos/prepfusion-data/188962-1734901016/hls-816e60/720p/master-4851014.626887944.m3u8"
    },
    {
      "title": "1. Maxwell's Equation for Static Fields",
      "url": "https://transcoded-videos-v2.classx.co.in/videos/prepfusion-data/188963-1734902628/hls-8c1026/720p/master-7802456.807150622.m3u8"
    },
    {
      "title": "2. Maxwell's Equation for Time Varying Fields",
      "url": "https://transcoded-videos-v2.classx.co.in/videos/prepfusion-data/188964-1734902631/hls-8c79fb/720p/master-5187415.132548552.m3u8"
    },
    {
      "title": "3. Maxwell's Equation in Phasor Form & Basic Understanding of a Wave",
      "url": "https://transcoded-videos-v2.classx.co.in/videos/prepfusion-data/188965-1734902631/hls-f9e993/720p/master-3625254.3647818468.m3u8"
    },
    {
      "title": "4. Intuitive Understanding of EM Wave Propagation and Equation for Free Space & Lossless Dielectric",
      "url": "https://transcoded-videos-v2.classx.co.in/videos/prepfusion-data/188966-1734902632/hls-e5afaa/720p/master-5174407.292463217.m3u8"
    },
    {
      "title": "5. EM Wave Propagation for Lossy Dielectric and Conductor & Summary",
      "url": "https://transcoded-videos-v2.classx.co.in/videos/prepfusion-data/188967-1734902632/hls-e022f3/720p/master-4049795.7783585093.m3u8"
    },
    {
      "title": "6. Assignment 3 Solutions",
      "url": "https://transcoded-videos-v2.classx.co.in/videos/prepfusion-data/188968-1734902633/hls-392f13/720p/master-5374169.684897254.m3u8"
    },
    {
      "title": "7. Poyting Vector, Time Average Poynting Vector and Poynting Theorem",
      "url": "https://transcoded-videos-v2.classx.co.in/videos/prepfusion-data/188969-1734902633/hls-46198e/720p/master-73936.47808106474.m3u8"
    },
    {
      "title": "8. Electric and Magnetic Boundary Conditions",
      "url": "https://transcoded-videos-v2.classx.co.in/videos/prepfusion-data/188970-1734902633/hls-24aae2/720p/master-7764462.094576736.m3u8"
    },
    {
      "title": "9. Normal Incidence",
      "url": "https://transcoded-videos-v2.classx.co.in/videos/prepfusion-data/188971-1734902633/hls-744d9d/720p/master-2650472.099781942.m3u8"
    },
    {
      "title": "10. Standing Wave Pattern of EM Wave",
      "url": "https://transcoded-videos-v2.classx.co.in/videos/prepfusion-data/188972-1734902634/hls-727a8b/720p/master-2350464.788577662.m3u8"
    },
    {
      "title": "11. Wave Propagation in a General Direction",
      "url": "https://transcoded-videos-v2.classx.co.in/videos/prepfusion-data/188973-1734902634/hls-7b111f/720p/master-7054142.912665852.m3u8"
    },
    {
      "title": "12. Obligue Incidence",
      "url": "https://transcoded-videos-v2.classx.co.in/videos/prepfusion-data/188974-1734902635/hls-f1ff97/720p/master-3941777.2501438144.m3u8"
    },
    {
      "title": "13. Problem Solving on Obligue Incidence",
      "url": "https://transcoded-videos-v2.classx.co.in/videos/prepfusion-data/188975-1734902635/hls-8b6be6/720p/master-8195696.326369275.m3u8"
    },
    {
      "title": "14. Wave Polarization",
      "url": "https://transcoded-videos-v2.classx.co.in/videos/prepfusion-data/188976-1734902635/hls-ca7cf2/720p/master-2856844.5747749414.m3u8"
    },
    {
      "title": "15. Assignment 4 Solutions",
      "url": "https://transcoded-videos-v2.classx.co.in/videos/prepfusion-data/188977-1734902636/hls-c9dcf8/720p/master-37463.41746280191.m3u8"
    },
    {
      "title": "1. Introduction to the Transmission Line and Line Equations",
      "url": "https://transcoded-videos-v2.classx.co.in/videos/prepfusion-data/188980-1734903891/hls-eed4bf/720p/master-3565502.8441621806.m3u8"
    },
    {
      "title": "2. Types of transmission lines based on Medium",
      "url": "https://transcoded-videos-v2.classx.co.in/videos/prepfusion-data/188981-1734903891/hls-77dd2c/720p/master-8501360.4161193.m3u8"
    },
    {
      "title": "3. Impedance Calculations of Transmission Line",
      "url": "https://transcoded-videos-v2.classx.co.in/videos/prepfusion-data/188982-1734903891/hls-a660c3/720p/master-2346355.093897321.m3u8"
    },
    {
      "title": "4. Standing Wave Patterns on Transmission Lines",
      "url": "https://transcoded-videos-v2.classx.co.in/videos/prepfusion-data/188983-1734903891/hls-50181f/720p/master-1215246.359785882.m3u8"
    },
    {
      "title": "5. Time Domain Analysis of Transmission Lines",
      "url": "https://transcoded-videos-v2.classx.co.in/videos/prepfusion-data/188984-1734903891/hls-40a648/720p/master-187849.74513043286.m3u8"
    },
    {
      "title": "6. Power Transfer on Transmission Line",
      "url": "https://transcoded-videos-v2.classx.co.in/videos/prepfusion-data/188985-1734903892/hls-8fed6b/720p/master-7532470.359776325.m3u8"
    },
    {
      "title": "7. Scattering Parameters",
      "url": "https://transcoded-videos-v2.classx.co.in/videos/prepfusion-data/188986-1734903892/hls-553d43/720p/master-6474046.373791582.m3u8"
    },
    {
      "title": "8. Smith Chart",
      "url": "https://transcoded-videos-v2.classx.co.in/videos/prepfusion-data/188987-1734903895/hls-1de6bc/720p/master-3973154.232829845.m3u8"
    },
    {
      "title": "9. Assignment 5 Solutions & Some Important Discussion",
      "url": "https://transcoded-videos-v2.classx.co.in/videos/prepfusion-data/188988-1734903895/hls-a5af37/720p/master-5177252.063128676.m3u8"
    },
    {
      "title": "1. Introduction to Rectangular Waveguides",
      "url": "https://transcoded-videos-v2.classx.co.in/videos/prepfusion-data/188989-1734904971/hls-604490/720p/master-6708696.384047648.m3u8"
    },
    {
      "title": "2. TE & TM Modes in Rectangular Waveguide",
      "url": "https://transcoded-videos-v2.classx.co.in/videos/prepfusion-data/188990-1734904972/hls-c02ab2/720p/master-6986752.60692122.m3u8"
    },
    {
      "title": "3. Waveguide Parameters and Power Transfer in Rectangular Waveguide",
      "url": "https://transcoded-videos-v2.classx.co.in/videos/prepfusion-data/188991-1734904972/hls-acd95a/720p/master-8298937.205396204.m3u8"
    },
    {
      "title": "4. Field Patterns in Rectangular Waveguide and Assignment 6 Solutions",
      "url": "https://transcoded-videos-v2.classx.co.in/videos/prepfusion-data/188992-1734904972/hls-e9603a/720p/master-7685358.4102942515.m3u8"
    },
    {
      "title": "5. Circular Waveguides and Assignment 7 Solutions",
      "url": "https://transcoded-videos-v2.classx.co.in/videos/prepfusion-data/188993-1734904975/hls-eb2e1c/720p/master-6114953.120909141.m3u8"
    },
    {
      "title": "1. Introduction to the Antenna Theory",
      "url": "https://transcoded-videos-v2.classx.co.in/videos/prepfusion-data/205165-1736462970/hls-47cce6/720p/master-934123.2908921882.m3u8"
    },
    {
      "title": "2. Hertzian Dipole Antenna and its radiation Patterns",
      "url": "https://transcoded-videos-v2.classx.co.in/videos/prepfusion-data/205166-1736462970/hls-fa9d86/720p/master-7202917.378047126.m3u8"
    },
    {
      "title": "3. Linear Dipole Antennas and Their Radiation Patterns",
      "url": "https://transcoded-videos-v2.classx.co.in/videos/prepfusion-data/205167-1736462971/hls-eafd4c/720p/master-6490066.570436493.m3u8"
    },
    {
      "title": "4. Antenna Parameters",
      "url": "https://transcoded-videos-v2.classx.co.in/videos/prepfusion-data/205168-1736462971/hls-ad1ef2/720p/master-7054031.945450106.m3u8"
    },
    {
      "title": "5. Friis Equation",
      "url": "https://transcoded-videos-v2.classx.co.in/videos/prepfusion-data/205169-1736462971/hls-7a75dd/720p/master-5290518.692048329.m3u8"
    },
    {
      "title": "6. 2 Element Antenna Array",
      "url": "https://transcoded-videos-v2.classx.co.in/videos/prepfusion-data/205170-1736462972/hls-5027b8/720p/master-5627225.410855405.m3u8"
    },
    {
      "title": "7. Radiation Patterns and N element Antenna Array",
      "url": "https://transcoded-videos-v2.classx.co.in/videos/prepfusion-data/205171-1736462972/hls-d07455/720p/master-1979813.3312889554.m3u8"
    },
    {
      "title": "1. Miscellaneous Concepts of EMFT",
      "url": "https://transcoded-videos-v2.classx.co.in/videos/prepfusion-data/205161-1736462793/hls-ca988e/720p/master-4864078.07562759.m3u8"
    },
    {
      "title": "2. Light Propagation in Optical Fibers",
      "url": "https://transcoded-videos-v2.classx.co.in/videos/prepfusion-data/205162-1736462793/hls-fceb7e/720p/master-5148842.001354616.m3u8"
    },
    {
      "title": "3. Total Internal Reflection Using Wave Phenomena",
      "url": "https://transcoded-videos-v2.classx.co.in/videos/prepfusion-data/205163-1736462793/hls-81bc08/720p/master-6453097.043908083.m3u8"
    },
    {
      "title": "4. Polarization at Media Interface",
      "url": "https://transcoded-videos-v2.classx.co.in/videos/prepfusion-data/205164-1736462793/hls-24518d/720p/master-8116861.759429333.m3u8"
    }
  ],
  "whatYouWillLearn": [
    "Master the fundamentals and core concepts",
    "Build real-world projects and applications",
    "Understand best practices and industry standards",
    "Develop problem-solving skills",
    "Learn debugging and testing techniques"
  ],
  "requirements": [
    "Basic computer knowledge",
    "Internet connection for video streaming",
    "Code editor (VS Code recommended)",
    "Motivation to learn and practice"
  ],
  "rating": {
    "average": 4.2,
    "count": 188,
    "breakdown": {
      "1": 1,
      "2": 1,
      "3": 26,
      "4": 90,
      "5": 296
    }
  },
  "duration": "16h 40m",
  "level": "Advanced",
  "language": "Hinglish",
  "studentsEnrolled": 691,
  "lastUpdated": "2025-10-20",
  "features": [
    "Lifetime Access",
    "Certificate of Completion",
    "Mobile and Desktop Access",
    "Downloadable Resources",
    "Community Support"
  ],
  "teacherId": "pathfinders"
}