{
  "courseName": "Codingwallahsir-Java-Full-Stack",
  "coursecategory": "web-development",
  "viewtype": "both",
  "des": "Learn Java Full Stack Course by Codingwallahsir with comprehensive video tutorials and hands-on projects.",
  "imageofcourse": "https://framerusercontent.com/images/m7aqaXbTrkPK2skyL4NgsZgNrw.png?scale-down-to=1024",
  "audio": "english",
  "cost": 0,
  "videoType": "hls",
  "redirecturl": "",
  "rank": "high",
  "videos": [
    {
      "title": "Session 1",
      "url": "https://appx-transcoded-videos-mcdn.akamai.net.in/videos/codingwallahsir-data/668299-1711261060/hls-00fe68/720p/master-1746517.2566314146.m3u8"
    },
    {
      "title": "session 2",
      "url": "https://appx-transcoded-videos-mcdn.akamai.net.in/videos/codingwallahsir-data/668300-1711261062/hls-7010e5/720p/master-4760807.603446826.m3u8"
    },
    {
      "title": "Introduction to JAVA | Java Editions | Java Popular LTS Versions",
      "url": "https://appx-transcoded-videos-mcdn.akamai.net.in/videos/codingwallahsir-data/1333497-1729784441/hls-116721/720p/master-2237629.912021064.m3u8"
    },
    {
      "title": "Java FIRST PROGRAM | How JAVA works internally 🔥",
      "url": "https://appx-transcoded-videos-mcdn.akamai.net.in/videos/codingwallahsir-data/1333484-1729784085/hls-96dff5/720p/master-333726.056273731.m3u8"
    },
    {
      "title": "Data Types & Variables in Java with It's Sizes",
      "url": "https://appx-transcoded-videos-mcdn.akamai.net.in/videos/codingwallahsir-data/1361298-1730871464/hls-0a1754/720p/master-1414543.2918405465.m3u8"
    },
    {
      "title": "Types of Variables | Dynamic Variable | Wrapper Classes",
      "url": "https://appx-transcoded-videos-mcdn.akamai.net.in/videos/codingwallahsir-data/1367824-1731038863/hls-c4db82/720p/master-3543160.9560503196.m3u8"
    },
    {
      "title": "Type Casting",
      "url": "https://appx-transcoded-videos-mcdn.akamai.net.in/videos/codingwallahsir-data/1384679-1731480042/hls-574f31/720p/master-8434320.861582866.m3u8"
    },
    {
      "title": "Introduction to Operators - Arithmetic, Shorthand, Relation, Logical",
      "url": "https://appx-transcoded-videos-mcdn.akamai.net.in/videos/codingwallahsir-data/1411835-1732098162/hls-bc70bd/720p/master-9032898.159272216.m3u8"
    },
    {
      "title": "Operators - Bitwise | Shift | Ternary | Pre & Post Operators with Hands On",
      "url": "https://appx-transcoded-videos-mcdn.akamai.net.in/videos/codingwallahsir-data/1428982-1732541229/hls-b53b27/720p/master-9920711.297272108.m3u8"
    },
    {
      "title": "if-else lecture",
      "url": "https://appx-transcoded-videos-mcdn.akamai.net.in/videos/codingwallahsir-data/1445944-1732909865/hls-71100b/720p/master-3924989.701922055.m3u8"
    },
    {
      "title": "Switch [var]",
      "url": "https://appx-transcoded-videos-mcdn.akamai.net.in/videos/codingwallahsir-data/1449187-1732981861/hls-8da84c/720p/master-5492566.925278046.m3u8"
    },
    {
      "title": "Introduction of Loops with types",
      "url": "https://appx-transcoded-videos-mcdn.akamai.net.in/videos/codingwallahsir-data/1470962-1733504237/hls-cd8dfa/720p/master-6507964.677598965.m3u8"
    },
    {
      "title": "Enhanced Loop | Loops Questions",
      "url": "https://appx-transcoded-videos-mcdn.akamai.net.in/videos/codingwallahsir-data/1472932-1733567409/hls-2a1d67/720p/master-3010921.0667107943.m3u8"
    },
    {
      "title": "JUMP STATEMENTS | NESTED LOOPS | SECANRIO BASED Coding Questions",
      "url": "https://appx-transcoded-videos-mcdn.akamai.net.in/videos/codingwallahsir-data/1498497-1734180508/hls-909436/720p/master-3411787.5553693343.m3u8"
    },
    {
      "title": "Introduction to METHODS & it's Types",
      "url": "https://transcoded-videos-v2.classx.co.in/videos/codingwallahsir-data/1509924-1734491319/hls-37f05f/720p/master-1501796.828764288.m3u8"
    },
    {
      "title": "REAL TIME USE of METHODS in Development | PROGRAMS List",
      "url": "https://transcoded-videos-v2.classx.co.in/videos/codingwallahsir-data/1510115-1734495461/hls-258801/720p/master-4682539.230294798.m3u8"
    },
    {
      "title": "Complete Array in ONE SHOT [ LIVE ]",
      "url": "https://transcoded-videos-v2.classx.co.in/videos/codingwallahsir-data/1527375-1734841066/hls-4aff96/720p/master-3062376.5491519817.m3u8"
    },
    {
      "title": "INTRODUCTION TO STRINGS | STRING POOL | STRING BUFFER | BUILDER",
      "url": "https://transcoded-videos-v2.classx.co.in/videos/codingwallahsir-data/1536975-1735058864/hls-59eb8c/720p/master-4393815.168019935.m3u8"
    },
    {
      "title": "Mostly Used String Methods | Interview Questions with HINTS",
      "url": "https://transcoded-videos-v2.classx.co.in/videos/codingwallahsir-data/1540912-1735144012/hls-d4c7a8/720p/master-77037.20784211665.m3u8"
    },
    {
      "title": "Introduction to OOPS | Building Blocks & Pillars of OOPS",
      "url": "https://transcoded-videos-v2.classx.co.in/videos/codingwallahsir-data/1554734-1735502925/hls-05aa77/720p/master-3675737.5281403325.m3u8"
    },
    {
      "title": "Constructor & It's Types with Real-time use in API",
      "url": "https://transcoded-videos-v2.classx.co.in/videos/codingwallahsir-data/1573023-1735915233/hls-1ffb6a/720p/master-2225417.9363241633.m3u8"
    },
    {
      "title": "INTRODUCTION of Inheritance | It's types",
      "url": "https://transcoded-videos-v2.classx.co.in/videos/codingwallahsir-data/1573473-1735927823/hls-dcf7c7/720p/master-6911218.030756665.m3u8"
    },
    {
      "title": "Java 8 Tutorial | Lecture 1",
      "url": "https://transcoded-videos-v2.classx.co.in/videos/codingwallahsir-data/1835225-1742606728/hls-58978f/720p/master-8486059.262081409.m3u8"
    },
    {
      "title": "Java 8 Tutorial | Lecture 2",
      "url": "https://transcoded-videos-v2.classx.co.in/videos/codingwallahsir-data/1839339-1742738128/hls-02e49c/720p/master-7919199.943711879.m3u8"
    },
    {
      "title": "JAVA 8 Tutorial | Lecture 3",
      "url": "https://transcoded-videos-v2.classx.co.in/videos/codingwallahsir-data/1839446-1742742447/hls-4c946b/720p/master-2860548.1689837496.m3u8"
    },
    {
      "title": "Web Basics | Vs Code Setup for Beginners",
      "url": "https://transcoded-videos-v2.classx.co.in/videos/codingwallahsir-data/1690520-1738692439/hls-b9224f/720p/master-4975642.635927308.m3u8"
    },
    {
      "title": "HTML Starting",
      "url": "https://transcoded-videos-v2.classx.co.in/videos/codingwallahsir-data/1708614-1739104458/hls-82b58b/720p/master-5064136.855571866.m3u8"
    },
    {
      "title": "HTML-Continue-2",
      "url": "https://transcoded-videos-v2.classx.co.in/videos/codingwallahsir-data/1712751-1739248461/hls-e1b99f/720p/master-9261516.242952477.m3u8"
    },
    {
      "title": "CSS Introduction with Notes",
      "url": "https://transcoded-videos-v2.classx.co.in/videos/codingwallahsir-data/1747629-1740074483/hls-fd9f90/720p/master-8668408.312001089.m3u8"
    },
    {
      "title": "CSS Part 2",
      "url": "https://transcoded-videos-v2.classx.co.in/videos/codingwallahsir-data/1753168-1740221183/hls-f5057d/720p/master-7176629.669994803.m3u8"
    },
    {
      "title": "CSS Flexbox Tutorial",
      "url": "https://transcoded-videos-v2.classx.co.in/videos/codingwallahsir-data/1758029-1740398845/hls-4ea65c/720p/master-3257489.4938536203.m3u8"
    },
    {
      "title": "CSS Grid",
      "url": "https://transcoded-videos-v2.classx.co.in/videos/codingwallahsir-data/1782868-1741086263/hls-dbfd27/720p/master-9509996.090604994.m3u8"
    },
    {
      "title": "JavaScript Lecture 1",
      "url": "https://transcoded-videos-v2.classx.co.in/videos/codingwallahsir-data/1792485-1741279952/hls-03280a/720p/master-7815956.1377719715.m3u8"
    },
    {
      "title": "JavaScript Lecture 2",
      "url": "https://transcoded-videos-v2.classx.co.in/videos/codingwallahsir-data/1793908-1741329996/hls-96ab1a/720p/master-4520258.749879571.m3u8"
    },
    {
      "title": "React Zero Lecture [Mostly Theory]",
      "url": "https://transcoded-videos-v2.classx.co.in/videos/codingwallahsir-data/1800884-1741532119/hls-54a67a/720p/master-3120778.390129313.m3u8"
    },
    {
      "title": "React.js Starting with HandsOn",
      "url": "https://transcoded-videos-v2.classx.co.in/videos/codingwallahsir-data/1802088-1741589543/hls-502518/720p/master-78855.7667062073.m3u8"
    },
    {
      "title": "React.js Lecture 3 | Form Submission & State Management",
      "url": "https://transcoded-videos-v2.classx.co.in/videos/codingwallahsir-data/1808481-1741752805/hls-118f70/720p/master-6192528.7233062945.m3u8"
    },
    {
      "title": "Routing in React.js | Most Important",
      "url": "https://transcoded-videos-v2.classx.co.in/videos/codingwallahsir-data/1811690-1741802127/hls-67c954/720p/master-3871058.6013739514.m3u8"
    },
    {
      "title": "jump,nested lecture",
      "url": "https://appx-transcoded-videos-mcdn.akamai.net.in/videos/codingwallahsir-data/1498636-1734182831/hls-123559/720p/master-6825260.778743047.m3u8"
    },
    {
      "title": "OOPS - Lecture 1",
      "url": "https://appx-transcoded-videos-mcdn.akamai.net.in/videos/codingwallahsir-data/668601-1711281756/hls-382c1e/720p/master-7361272.831675058.m3u8"
    },
    {
      "title": "OOPS - Lecture 2",
      "url": "https://appx-transcoded-videos-mcdn.akamai.net.in/videos/codingwallahsir-data/668602-1711281758/hls-ecd471/720p/master-5128644.717270891.m3u8"
    },
    {
      "title": "Collection Framework | Lecture - 1",
      "url": "https://appx-transcoded-videos-mcdn.akamai.net.in/videos/codingwallahsir-data/668607-1711282120/hls-b2fd30/720p/master-7370554.090031696.m3u8"
    },
    {
      "title": "Collection Framework | Lecture - 2",
      "url": "https://appx-transcoded-videos-mcdn.akamai.net.in/videos/codingwallahsir-data/668606-1711282120/hls-d4332a/720p/master-5623626.41604152.m3u8"
    },
    {
      "title": "Exception Handling",
      "url": "https://appx-transcoded-videos-mcdn.akamai.net.in/videos/codingwallahsir-data/668610-1711282838/hls-008bae/720p/master-963002.3589804737.m3u8"
    },
    {
      "title": "Exception Handling Interview Questions",
      "url": "https://appx-transcoded-videos-mcdn.akamai.net.in/videos/codingwallahsir-data/668609-1711282836/hls-bae18e/720p/master-2691613.1532851793.m3u8"
    },
    {
      "title": "How to setup tomcat server in eclipse",
      "url": "https://appx-transcoded-videos-mcdn.akamai.net.in/videos/codingwallahsir-data/668454-1711272037/hls-32979d/720p/master-1450991.5925277218.m3u8"
    },
    {
      "title": "JSP Servlet Setup",
      "url": "https://appx-transcoded-videos-mcdn.akamai.net.in/videos/codingwallahsir-data/668574-1711280677/hls-85b406/720p/master-9828777.469449984.m3u8"
    },
    {
      "title": "Servlet in Java [ Basics ]",
      "url": "https://appx-transcoded-videos-mcdn.akamai.net.in/videos/codingwallahsir-data/668578-1711281035/hls-18ea42/720p/master-4900264.544487494.m3u8"
    },
    {
      "title": "How to Make A CALCULATOR App using html, css, jsp",
      "url": "https://appx-transcoded-videos-mcdn.akamai.net.in/videos/codingwallahsir-data/668453-1711272036/hls-a7f49d/720p/master-6915238.421334318.m3u8"
    },
    {
      "title": "Advance Java Servlet",
      "url": "https://appx-transcoded-videos-mcdn.akamai.net.in/videos/codingwallahsir-data/668432-1711271319/hls-72e093/720p/master-1437352.797384146.m3u8"
    },
    {
      "title": "Login & Registration with Session using - JSP | SERVLET | JDBC",
      "url": "https://appx-transcoded-videos-mcdn.akamai.net.in/videos/codingwallahsir-data/668573-1711280676/hls-8a35d6/720p/master-7609113.760963299.m3u8"
    },
    {
      "title": "Building First Web Serivce using Spring Boot [1]",
      "url": "https://appx-transcoded-videos-mcdn.akamai.net.in/videos/codingwallahsir-data/668282-1711260338/hls-e4637c/720p/master-8778267.493516603.m3u8"
    },
    {
      "title": "Data Exchange Between Client & Server using URL [2]",
      "url": "https://appx-transcoded-videos-mcdn.akamai.net.in/videos/codingwallahsir-data/668267-1711259259/hls-c0e998/720p/master-5412377.013316718.m3u8"
    },
    {
      "title": "Form Submission & Custom Landing Page [3]",
      "url": "https://appx-transcoded-videos-mcdn.akamai.net.in/videos/codingwallahsir-data/668268-1711259261/hls-33d8a5/720p/master-374849.3495286187.m3u8"
    },
    {
      "title": "Level 0 - CRUD Rest API | Postman Setup Both in VS Code & Desktop [4]",
      "url": "https://appx-transcoded-videos-mcdn.akamai.net.in/videos/codingwallahsir-data/668269-1711259261/hls-cfe19a/720p/master-3630378.5166870696.m3u8"
    },
    {
      "title": "Level 1 - CRUD Rest API with Collection Framework & OOPS [5]",
      "url": "https://appx-transcoded-videos-mcdn.akamai.net.in/videos/codingwallahsir-data/668270-1711259261/hls-f88053/720p/master-541125.9482919095.m3u8"
    },
    {
      "title": "Level 2 - CRUD Rest API with 2 Layer Architecture | Spring IOC | Auto Wiring | Loose Coupling [6]",
      "url": "https://appx-transcoded-videos-mcdn.akamai.net.in/videos/codingwallahsir-data/668303-1711261601/hls-102707/720p/master-7412518.0294399625.m3u8"
    },
    {
      "title": "JDBC | Spring JDBC | Spring DATA JDBC | Spring DATA JPA | Spring Dev Tools | Embeded H2 Database [7]",
      "url": "https://appx-transcoded-videos-mcdn.akamai.net.in/videos/codingwallahsir-data/668421-1711270418/hls-c24214/720p/master-6700280.458610759.m3u8"
    },
    {
      "title": "Spring DATA JDBC | Spring DATA JPA with Embed H2 SQL Database [ 8 ]",
      "url": "https://appx-transcoded-videos-mcdn.akamai.net.in/videos/codingwallahsir-data/668174-1711236942/hls-3d106a/720p/master-2247134.565496662.m3u8"
    },
    {
      "title": "How to Setup MySQL Database with Spring Boot without Changing DAO Layer",
      "url": "https://appx-transcoded-videos-mcdn.akamai.net.in/videos/codingwallahsir-data/678871-1711727354/hls-a9dfc7/720p/master-1246145.1418307945.m3u8"
    },
    {
      "title": "Level 3 - CRUD Rest API with MySQL Database",
      "url": "https://appx-transcoded-videos-mcdn.akamai.net.in/videos/codingwallahsir-data/679072-1711740130/hls-e4c5ba/720p/master-535028.490394589.m3u8"
    },
    {
      "title": "Response Entity - HTTP Status | HTT Headers | Body",
      "url": "https://appx-transcoded-videos-mcdn.akamai.net.in/videos/codingwallahsir-data/696627-1712237112/hls-b4fd29/720p/master-5205649.745986998.m3u8"
    },
    {
      "title": "Exception Handling in Spring Boot | Spring Boot Production Ready Code",
      "url": "https://appx-transcoded-videos-mcdn.akamai.net.in/videos/codingwallahsir-data/723630-1713041350/hls-de1c14/720p/master-8889244.095210476.m3u8"
    },
    {
      "title": "Spring Boot - REST API Validation",
      "url": "https://appx-transcoded-videos-mcdn.akamai.net.in/videos/codingwallahsir-data/727989-1713201734/hls-579ae8/720p/master-6441432.996953356.m3u8"
    },
    {
      "title": "REST API Documenting | Swagger & Open API in Spring Boot",
      "url": "https://appx-transcoded-videos-mcdn.akamai.net.in/videos/codingwallahsir-data/740109-1713554181/hls-217bc6/720p/master-9111472.833964383.m3u8"
    },
    {
      "title": "Unit Testing in Spring Boot",
      "url": "https://appx-transcoded-videos-mcdn.akamai.net.in/videos/codingwallahsir-data/740371-1713587657/hls-d460db/720p/master-8875288.19453797.m3u8"
    },
    {
      "title": "Spring MVC | HTML | Thymleaf",
      "url": "https://appx-transcoded-videos-mcdn.akamai.net.in/videos/codingwallahsir-data/774827-1714597274/hls-2b67b2/720p/master-2036391.3349431574.m3u8"
    },
    {
      "title": "Spring security | Form Based | Basic Authentication | InMemory Authetication | Role Based Authorization",
      "url": "https://appx-transcoded-videos-mcdn.akamai.net.in/videos/codingwallahsir-data/873964-1717228345/hls-c14442/720p/master-7048926.603246271.m3u8"
    },
    {
      "title": "Spring Security DB | Custom Security Filter Chain",
      "url": "https://appx-transcoded-videos-mcdn.akamai.net.in/videos/codingwallahsir-data/894248-1717790653/hls-a72082/720p/master-2270370.692467951.m3u8"
    },
    {
      "title": "Spring Security JWT | JWT Token Generator using DB Authentication",
      "url": "https://appx-transcoded-videos-mcdn.akamai.net.in/videos/codingwallahsir-data/916776-1718387542/hls-f0764a/720p/master-2490309.873619385.m3u8"
    },
    {
      "title": "Spring Security JWT part2",
      "url": "https://appx-transcoded-videos-mcdn.akamai.net.in/videos/codingwallahsir-data/919185-1718465294/hls-c8dd5a/720p/master-9090218.596740713.m3u8"
    },
    {
      "title": "Spring Security OAuth",
      "url": "https://appx-transcoded-videos-mcdn.akamai.net.in/videos/codingwallahsir-data/936686-1718988748/hls-70e04a/720p/master-9682504.106597263.m3u8"
    },
    {
      "title": "Spring Boot - Configuration & Profiling",
      "url": "https://appx-transcoded-videos-mcdn.akamai.net.in/videos/codingwallahsir-data/960218-1719671304/hls-285b41/720p/master-9554242.997259988.m3u8"
    },
    {
      "title": "9 live - 24th March | Basics of CSS | Types & Priority of CSS",
      "url": "https://appx-transcoded-videos-mcdn.akamai.net.in/videos/codingwallahsir-data/672980-1711555899/hls-5c8004/720p/master-58597.54418482632.m3u8"
    },
    {
      "title": "12 live - AVDCANCE CSS - Positioning | Margin, Padding, Border",
      "url": "https://appx-transcoded-videos-mcdn.akamai.net.in/videos/codingwallahsir-data/696224-1712232973/hls-111a85/720p/master-5535015.926485629.m3u8"
    },
    {
      "title": "14 live | Advance CSS",
      "url": "https://appx-transcoded-videos-mcdn.akamai.net.in/videos/codingwallahsir-data/724133-1713085270/hls-cf5682/720p/master-3602304.7071073623.m3u8"
    },
    {
      "title": "16 Live | JavaScript Introduction for Beginners",
      "url": "https://appx-transcoded-videos-mcdn.akamai.net.in/videos/codingwallahsir-data/757831-1714119740/hls-654d87/720p/master-6892234.373992103.m3u8"
    },
    {
      "title": "19 Live | JavaScript Live Lecture 2",
      "url": "https://appx-transcoded-videos-mcdn.akamai.net.in/videos/codingwallahsir-data/782620-1714771154/hls-e52513/720p/master-197093.31139236232.m3u8"
    },
    {
      "title": "AWS Introduction | How to Deploy Spring Boot App on AWS",
      "url": "https://appx-transcoded-videos-mcdn.akamai.net.in/videos/codingwallahsir-data/984388-1720443332/hls-6c5412/720p/master-6106654.634060109.m3u8"
    },
    {
      "title": "AWS S3 | How to Deploy React.js on AWS",
      "url": "https://appx-transcoded-videos-mcdn.akamai.net.in/videos/codingwallahsir-data/999959-1720850488/hls-e9f26f/720p/master-786987.1663291072.m3u8"
    },
    {
      "title": "YouTube Scrapper",
      "url": "https://appx-transcoded-videos-mcdn.akamai.net.in/videos/codingwallahsir-data/1066836-1722680368/hls-1ba4e5/720p/master-5440678.031770141.m3u8"
    },
    {
      "title": "1st live session [ 24th Feb : Intro with Students | 25th Feb Session Recording]",
      "url": "https://appx-transcoded-videos-mcdn.akamai.net.in/videos/codingwallahsir-data/668396-1711267896/hls-66b663/720p/master-9705332.90175074.m3u8"
    },
    {
      "title": "2 live [2nd March - Practice Live on Server Port Working | Form Submission with Parking System Project Demo | HTML From",
      "url": "https://appx-transcoded-videos-mcdn.akamai.net.in/videos/codingwallahsir-data/668397-1711267898/hls-c81657/720p/master-5971684.128062491.m3u8"
    },
    {
      "title": "3 live [3rd March - More Practice & Play with Collection Framework in REST Controller Live ]",
      "url": "https://appx-transcoded-videos-mcdn.akamai.net.in/videos/codingwallahsir-data/668398-1711267899/hls-a81bf7/720p/master-2194408.399130763.m3u8"
    },
    {
      "title": "4 live [ 9th March - MCQ & Baisc Asked Interview Questions on Spring Boot ]",
      "url": "https://appx-transcoded-videos-mcdn.akamai.net.in/videos/codingwallahsir-data/668403-1711268258/hls-ecb879/720p/master-5661412.427365182.m3u8"
    },
    {
      "title": "5 live [ 10th March - Client Server Architecture | DNS Mapping | Http Ports | HTML, CSS, JS Requirements in Frontend",
      "url": "https://appx-transcoded-videos-mcdn.akamai.net.in/videos/codingwallahsir-data/668404-1711268259/hls-0213c2/720p/master-2400973.64048526.m3u8"
    },
    {
      "title": "6 live [ 16th March - SQL Basics DDL | DML | Loose Coupling Practice | Spring MVC using Thymleaf Practical ]",
      "url": "https://appx-transcoded-videos-mcdn.akamai.net.in/videos/codingwallahsir-data/668407-1711268617/hls-618e20/720p/master-2318992.213840767.m3u8"
    },
    {
      "title": "7 Live [ 17th March - Basics of Java , Data types & Variables | Type Casting",
      "url": "https://appx-transcoded-videos-mcdn.akamai.net.in/videos/codingwallahsir-data/668408-1711268617/hls-cc8b73/720p/master-236057.90709379181.m3u8"
    },
    {
      "title": "8 Live - 23 March |  HTTP Status CODE | HTTP Response Entity",
      "url": "https://appx-transcoded-videos-mcdn.akamai.net.in/videos/codingwallahsir-data/672955-1711554818/hls-210216/720p/master-2265551.4046264733.m3u8"
    },
    {
      "title": "9 live - 24th March | Basics of CSS | Types & Priority of CSS",
      "url": "https://appx-transcoded-videos-mcdn.akamai.net.in/videos/codingwallahsir-data/672980-1711555899/hls-5c8004/720p/master-58597.54418482632.m3u8"
    },
    {
      "title": "10 live | Basics of Java | Conditional Statements - Switch Statements",
      "url": "https://appx-transcoded-videos-mcdn.akamai.net.in/videos/codingwallahsir-data/673015-1711557338/hls-e192a4/720p/master-9139336.90531481.m3u8"
    },
    {
      "title": "11th live | Exception Handling in Spring Boot",
      "url": "https://appx-transcoded-videos-mcdn.akamai.net.in/videos/codingwallahsir-data/686826-1712000592/hls-542d32/720p/master-844931.9834412062.m3u8"
    },
    {
      "title": "12 live - AVDCANCE CSS - Positioning | Margin, Padding, Border",
      "url": "https://appx-transcoded-videos-mcdn.akamai.net.in/videos/codingwallahsir-data/696224-1712232973/hls-111a85/720p/master-5535015.926485629.m3u8"
    },
    {
      "title": "13 Data Validation - Types of Validations | Client Side | Server Side | Database",
      "url": "https://appx-transcoded-videos-mcdn.akamai.net.in/videos/codingwallahsir-data/709607-1712655077/hls-c743af/720p/master-6866008.981693228.m3u8"
    },
    {
      "title": "14 live | Advance CSS",
      "url": "https://appx-transcoded-videos-mcdn.akamai.net.in/videos/codingwallahsir-data/724133-1713085270/hls-cf5682/720p/master-3602304.7071073623.m3u8"
    },
    {
      "title": "15 - Advance CSS Live Class | Project Card",
      "url": "https://appx-transcoded-videos-mcdn.akamai.net.in/videos/codingwallahsir-data/740059-1713548059/hls-f32525/720p/master-3849327.8863149704.m3u8"
    },
    {
      "title": "16 live | Spring Boot 3rd Party API Integration | REST API Documenting - Swagger API",
      "url": "https://appx-transcoded-videos-mcdn.akamai.net.in/videos/codingwallahsir-data/760394-1714202021/hls-44f10d/720p/master-8809245.078996258.m3u8"
    },
    {
      "title": "17 Live | Java Script Introduction from 0",
      "url": "https://appx-transcoded-videos-mcdn.akamai.net.in/videos/codingwallahsir-data/757831-1714119740/hls-654d87/720p/master-6892234.373992103.m3u8"
    },
    {
      "title": "18 live |  Spring Boot Actuator | How to Monitor the web applications & end-points",
      "url": "https://appx-transcoded-videos-mcdn.akamai.net.in/videos/codingwallahsir-data/782615-1714768635/hls-a10014/720p/master-7604143.487568135.m3u8"
    },
    {
      "title": "19 LIVE [Higher-Order Function in JS]",
      "url": "https://appx-transcoded-videos-mcdn.akamai.net.in/videos/codingwallahsir-data/814997-1715683761/hls-4123ac/720p/master-2454894.873226392.m3u8"
    },
    {
      "title": "20 LIVE [Spring Security | Authenticate, Authorization]",
      "url": "https://appx-transcoded-videos-mcdn.akamai.net.in/videos/codingwallahsir-data/815379-1715688793/hls-8bd85d/720p/master-9041902.230145425.m3u8"
    },
    {
      "title": "21 LIVE [Awesome Function]",
      "url": "https://appx-transcoded-videos-mcdn.akamai.net.in/videos/codingwallahsir-data/830181-1716065353/hls-72626d/720p/master-3007685.7686280743.m3u8"
    },
    {
      "title": "22 LIVE [DOM Manipulations in JS]",
      "url": "https://appx-transcoded-videos-mcdn.akamai.net.in/videos/codingwallahsir-data/833695-1716196268/hls-5396e5/720p/master-8021677.599872685.m3u8"
    },
    {
      "title": "23 LIVE [JAVASCRIPT PROMISES]",
      "url": "https://appx-transcoded-videos-mcdn.akamai.net.in/videos/codingwallahsir-data/836519-1716274517/hls-abbe0c/720p/master-5701461.65013355.m3u8"
    },
    {
      "title": "24 LIVE",
      "url": "https://appx-transcoded-videos-mcdn.akamai.net.in/videos/codingwallahsir-data/858995-1716875719/hls-5ee1ea/720p/master-5416483.6158327125.m3u8"
    },
    {
      "title": "25 LIVE | Spring Security OAuth - GitHub Auth & Google Auth | JWT",
      "url": "https://appx-transcoded-videos-mcdn.akamai.net.in/videos/codingwallahsir-data/894424-1717819638/hls-c01da3/720p/master-7097504.2412450025.m3u8"
    },
    {
      "title": "26 Live [Project Discussion]",
      "url": "https://appx-transcoded-videos-mcdn.akamai.net.in/videos/codingwallahsir-data/894431-1717819819/hls-c8fddc/720p/master-4136296.455112294.m3u8"
    },
    {
      "title": "27 LIVE [ Git & GitHUb Lecture ]",
      "url": "https://appx-transcoded-videos-mcdn.akamai.net.in/videos/codingwallahsir-data/916803-1718389339/hls-ce7c90/720p/master-6499372.611208569.m3u8"
    },
    {
      "title": "28 live [ React ]",
      "url": "https://appx-transcoded-videos-mcdn.akamai.net.in/videos/codingwallahsir-data/967875-1719932667/hls-305567/720p/master-7916062.008338493.m3u8"
    },
    {
      "title": "29 live [ React ]",
      "url": "https://appx-transcoded-videos-mcdn.akamai.net.in/videos/codingwallahsir-data/967876-1719932668/hls-e1c4a3/720p/master-7611150.631658998.m3u8"
    },
    {
      "title": "30 Live | Todo app using React.js",
      "url": "https://appx-transcoded-videos-mcdn.akamai.net.in/videos/codingwallahsir-data/1002098-1720890090/hls-4cdd5c/720p/master-1562256.4323054578.m3u8"
    },
    {
      "title": "31 live | React.js",
      "url": "https://appx-transcoded-videos-mcdn.akamai.net.in/videos/codingwallahsir-data/1044304-1722056850/hls-0b094d/720p/master-2287539.577692248.m3u8"
    }
  ],
  "whatYouWillLearn": [
    "Master Java fundamentals and object-oriented programming",
    "Build full-stack applications with Spring Boot and React",
    "Learn database design and integration with MySQL/PostgreSQL",
    "Understand RESTful API development and microservices",
    "Deploy applications using Docker and cloud platforms",
    "Master modern development tools and best practices"
  ],
  "requirements": [
    "Basic understanding of programming concepts",
    "Java Development Kit (JDK) installed on your system",
    "Internet connection for video streaming",
    "IDE (IntelliJ IDEA or VS Code) for Java development",
    "Node.js and npm installed for frontend development"
  ],
  "rating": {
    "average": 4,
    "count": 456,
    "breakdown": {
      "1": 4,
      "2": 9,
      "3": 20,
      "4": 53,
      "5": 257
    }
  },
  "duration": "19h 40m",
  "level": "Advanced",
  "language": "English",
  "studentsEnrolled": 733,
  "lastUpdated": "2025-10-20",
  "features": [
    "Lifetime Access",
    "Certificate of Completion",
    "Mobile and Desktop Access",
    "Downloadable Resources",
    "Community Support"
  ],
  "teacherId": "codingwallahsir"
}