{
    "courseName": "Namaste-Node.js",
    "coursecategory": "web-development",
    "viewtype": "both",
    "des": "Learn Backend from Scratch to Advanced with Node.js, Express.js & MongoDB, covering internal architecture, real-world projects, deployment and more. :contentReference[oaicite:2]{index=2}",
    "imageofcourse": "https://do6gp1uxl3luu.cloudfront.net/banner+and+logos/namaste-node-banner.webp",  
    "audio": "English",
    "cost": 5499,
    "videoType": "redirect",
    "subsection": [
      "namastedev"
    ],
    "redirecturl": "https://t.me/Haki_Un_Bot?start=BQADAQADyxUAAvk7eUbRslawDxDxtBYE",
    "redirectsyllabus": [
      "Episode-00 | Welcome to Namaste Node.js",
      "Episode-01 | Introduction to Node.js",
      "Episode-02 | JS on Server",
      "Episode-03 | Let’s write code",
      "Episode-04 | module.export & require",
      "Episode-05 | Diving into the Node.js GitHub repo",
      "Episode-06 | libuv & async IO",
      "Episode-07 | sync, async, setTimeoutZero – code",
      "Episode-08 | Deep dive into V8 JS Engine",
      "Episode-09 | libuv & Event Loop",
      "Episode-10 | Thread pool in libuv",
      "Episode-11 | Creating a Server",
      "Episode-12 | Databases – SQL & NoSQL",
      "Episode-13 | Creating a database & MongoDB",
      "Episode-00 | Introduction to Project (Season 2)",
      "Episode-01 | Microservices vs Monolith – How to Build a Project",
      "Episode-02 | Features, HLD, LLD & Planning",
      "Episode-03 | Creating our Express Server",
      "Episode-04 | Routing and Request Handlers",
      "Episode-05 | Middlewares & Error Handlers",
      "Episode-06 | Database, Schema & Models | Mongoose",
      "Episode-07 | Diving into the APIs",
      "Episode-08 | Data Sanitization & Schema Validations",
      "Episode-09 | Encrypting Passwords",
      "Episode-10 | Authentication, JWT & Cookies",
      "Episode-11 | Diving into the APIs and Express Router",
      "Episode-12 | Logical DB Query & Compound Indexes",
      "Episode-13 | ref, Populate & Thought Process of writing APIs",
      "Episode-14 | Building Feed API & Pagination",
      "Episode-15 | DevTinder UI – Part 1",
      "Episode-16 | DevTinder UI – Part 2",
      "Episode-17 | DevTinder UI – Part 3",
      "Episode-18 | DevTinder UI – Part 4",
      "Episode-19 | DevTinder UI – Part 5",
      "Episode-01 | Launching an AWS Instance and deploying frontend (Season 3)",
      "Episode-02 | Nginx & Backend Node App Deployment",
      "Episode-03 | Adding a Custom Domain Name",
      "Episode-04 | Sending Emails using Amazon SES",
      "Episode-05 | Keeping Our Credentials Safe Using dotenv Files",
      "Episode-06 | Scheduling Cron Jobs",
      "Episode-07 | Payment Gateway Integration ft. Razorpay",
      "Episode-08 | WebSockets & socket.io",
      "Episode-09 | Building Real-time Live Chat Feature"
    ],
    "rank": "high",
    "whatYouWillLearn": [
      "Deep internals of Node.js: event loop, libuv, V8 engine",
      "Build backend REST APIs with Express.js & MongoDB",
      "Database modelling, performance optimisation & query design",
      "Deploy production-ready backends to AWS, integrate payments and real-time features",
      "Secure applications with authentication, authorization, best practices",
      "Work on a full production scale project (DevTinder) with frontend integration"
    ],
    "requirements": [
      "Comfortable with JavaScript basics before starting",
      "Laptop/desktop with internet connection",
      "Willingness to practice hands-on extensively",
      "Familiarity with command line/terminal is helpful"
    ],
    "rating": {
      "average": 4.8,
      "count": 2000,
      "breakdown": {
        "1": 20,
        "2": 30,
        "3": 100,
        "4": 350,
        "5": 1500
      }
    },
    "duration": "30+ hours",
    "level": "Beginner to Intermediate",
    "language": "English",
    "studentsEnrolled": "",
    "lastUpdated": "2025-10-26",
    "features": [
      "Lifetime access to videos",
      "Hands-on real world project",
      "Premium community access",
      "Certificate of completion",
      "Free future updates"
    ],
    "teacherId": "akshay-saini",
    "videos": []
  }
  