{
  "courseName": "SIGMA-9-JAVA-DSA-LIBRARY",
  "coursecategory": "dsa",
  "viewtype": "both",
  "des": "Learn SIGMA - 9 JAVA DSA LIBRARY by Apna college with comprehensive video tutorials and hands-on projects.",
  "imageofcourse": "https://i.ytimg.com/vi/xWSpo2lFfUw/hq720.jpg?sqp=-oaymwEhCK4FEIIDSFryq4qpAxMIARUAAAAAGAElAADIQj0AgKJD&rs=AOn4CLDl2k1at5CjSKMJ_XCNBaQvV4EJXQ",
  "audio": "english",
  "cost": 0,
  "videoType": "wistia",
  "subsection": [
    "sigma",
    "apna-college",
    "shradha-khapra"
  ],
  "redirecturl": "https://fast.wistia.com/embed/medias/sz83lzg6nl.m3u8",
  "rank": "medium",
  "videos": [
    {
      "title": "Remove Duplicates from Sorted Array",
      "url": "https://fast.wistia.com/embed/medias/sz83lzg6nl.m3u8"
    },
    {
      "title": "Merge Sorted Array",
      "url": "https://fast.wistia.com/embed/medias/i5a4ve33k0.m3u8"
    },
    {
      "title": "Pascal's Triangle",
      "url": "https://fast.wistia.com/embed/medias/sa4a9luq2j.m3u8"
    },
    {
      "title": "Missing Number",
      "url": "https://fast.wistia.com/embed/medias/ovf8exipjg.m3u8"
    },
    {
      "title": "Merge Two Sorted Lists",
      "url": "https://fast.wistia.com/embed/medias/pko3a3e6z9.m3u8"
    },
    {
      "title": "Intersection of Two Linked Lists",
      "url": "https://fast.wistia.com/embed/medias/tor9bzna9s.m3u8"
    },
    {
      "title": "Palindromic Linked List",
      "url": "https://fast.wistia.com/embed/medias/xl61fn3jw5.m3u8"
    },
    {
      "title": "Last Stone Weight",
      "url": "https://fast.wistia.com/embed/medias/thpkxivhhh.m3u8"
    },
    {
      "title": "Partition List",
      "url": "https://fast.wistia.com/embed/medias/kr924ixc2z.m3u8"
    },
    {
      "title": "Sum of Subarray Ranges",
      "url": "https://fast.wistia.com/embed/medias/e0y84q767z.m3u8"
    },
    {
      "title": "Car Pooling",
      "url": "https://fast.wistia.com/embed/medias/df7zxn3liz.m3u8"
    },
    {
      "title": "Find K Closest Elements",
      "url": "https://fast.wistia.com/embed/medias/ixadlbevui.m3u8"
    },
    {
      "title": "Kth Largest Element in an Array",
      "url": "https://fast.wistia.com/embed/medias/quweqyv8f8.m3u8"
    },
    {
      "title": "Meeting Rooms II",
      "url": "https://fast.wistia.com/embed/medias/3ahjjzu1na.m3u8"
    },
    {
      "title": "Group Anagram",
      "url": "https://fast.wistia.com/embed/medias/9dxyb1ttg8.m3u8"
    },
    {
      "title": "All Nodes Distance K from Binary Tree",
      "url": "https://fast.wistia.com/embed/medias/683wmgm0g1.m3u8"
    },
    {
      "title": "Flatten Binary Tree to Linked List",
      "url": "https://fast.wistia.com/embed/medias/l06o9rb7ab.m3u8"
    },
    {
      "title": "Minimum No. of Swaps",
      "url": "https://fast.wistia.com/embed/medias/cw9knhss6u.m3u8"
    },
    {
      "title": "Rotting Oranges",
      "url": "https://fast.wistia.com/embed/medias/bxhmppzmyl.m3u8"
    },
    {
      "title": "Number of Islands",
      "url": "https://fast.wistia.com/embed/medias/qq80i65jfg.m3u8"
    },
    {
      "title": "Course Schedule",
      "url": "https://fast.wistia.com/embed/medias/9wdvi4ze8v.m3u8"
    },
    {
      "title": "Longest Palindromic Substring",
      "url": "https://fast.wistia.com/embed/medias/8fmte9oxy8.m3u8"
    },
    {
      "title": "Find Good Days to Rob the Bank",
      "url": "https://fast.wistia.com/embed/medias/yjhs4thv1j.m3u8"
    },
    {
      "title": "Jump Game",
      "url": "https://fast.wistia.com/embed/medias/o666dyg6wr.m3u8"
    },
    {
      "title": "Unique Paths",
      "url": "https://fast.wistia.com/embed/medias/mgd2104ah4.m3u8"
    },
    {
      "title": "LRU Cache",
      "url": "https://fast.wistia.com/embed/medias/zbemah3zgy.m3u8"
    },
    {
      "title": "Kth Smallest Pair Distance",
      "url": "https://fast.wistia.com/embed/medias/eb6lyl2vey.m3u8"
    },
    {
      "title": "Median of Two Sorted Arrays",
      "url": "https://fast.wistia.com/embed/medias/0h7ql53fim.m3u8"
    },
    {
      "title": "Merge K Sorted Lists",
      "url": "https://fast.wistia.com/embed/medias/zsbgp7jtrz.m3u8"
    },
    {
      "title": "Find Median from Data Stream",
      "url": "https://fast.wistia.com/embed/medias/8mle4z25hs.m3u8"
    },
    {
      "title": "Race Car",
      "url": "https://fast.wistia.com/embed/medias/zyr13yz0l7.m3u8"
    },
    {
      "title": "Longest Valid Parantheses",
      "url": "https://fast.wistia.com/embed/medias/3g4zcyhtqn.m3u8"
    },
    {
      "title": "Sign of the product of an array",
      "url": "https://fast.wistia.com/embed/medias/7tgiyvuety.m3u8"
    },
    {
      "title": "Palindrome Number",
      "url": "https://fast.wistia.com/embed/medias/tjbat0axm2.m3u8"
    },
    {
      "title": "Valid Palindrome",
      "url": "https://fast.wistia.com/embed/medias/6aoivvtr98.m3u8"
    },
    {
      "title": "Defanged IP Address",
      "url": "https://fast.wistia.com/embed/medias/pwdhphn9px.m3u8"
    },
    {
      "title": "Number of Substrings with 1s",
      "url": "https://fast.wistia.com/embed/medias/ebic4pgqyk.m3u8"
    },
    {
      "title": "Next permutation",
      "url": "https://fast.wistia.com/embed/medias/23021xymak.m3u8"
    },
    {
      "title": "Linked List Cycle",
      "url": "https://fast.wistia.com/embed/medias/acfvrgw2w5.m3u8"
    },
    {
      "title": "Number of 1 bits",
      "url": "https://fast.wistia.com/embed/medias/v6qzc50qhj.m3u8"
    },
    {
      "title": "Reverse a Linked List",
      "url": "https://fast.wistia.com/embed/medias/oujqjiyggm.m3u8"
    },
    {
      "title": "Generate Parentheses",
      "url": "https://fast.wistia.com/embed/medias/swh2lvl5je.m3u8"
    },
    {
      "title": "Delete a node Explanation",
      "url": "https://fast.wistia.com/embed/medias/45m7n773hw.m3u8"
    },
    {
      "title": "Longest Substring",
      "url": "https://fast.wistia.com/embed/medias/nmtydn66jv.m3u8"
    },
    {
      "title": "4 Sum",
      "url": "https://fast.wistia.com/embed/medias/v4j50wotuk.m3u8"
    },
    {
      "title": "Valid Stack Sequence Explanation",
      "url": "https://fast.wistia.com/embed/medias/d6jmv0giqp.m3u8"
    },
    {
      "title": "Reorganize Strings",
      "url": "https://fast.wistia.com/embed/medias/oxkwg9e1nc.m3u8"
    },
    {
      "title": "Longest Increasing Subsequence",
      "url": "https://fast.wistia.com/embed/medias/gxo5le01kz.m3u8"
    },
    {
      "title": "Kth row of Pascal's triangle",
      "url": "https://fast.wistia.com/embed/medias/u4n3nlnjcm.m3u8"
    },
    {
      "title": "Invert Binary Tree",
      "url": "https://fast.wistia.com/embed/medias/gb26hhlvkd.m3u8"
    },
    {
      "title": "Longest Common Prefix",
      "url": "https://fast.wistia.com/embed/medias/ghd7dy75ba.m3u8"
    },
    {
      "title": "Greatest Common Divisor of Strings",
      "url": "https://fast.wistia.com/embed/medias/k1rwzpuose.m3u8"
    },
    {
      "title": "Climbing stairs",
      "url": "https://fast.wistia.com/embed/medias/ga3c1squ0q.m3u8"
    },
    {
      "title": "Palindrome Partitioning",
      "url": "https://fast.wistia.com/embed/medias/rp63lafil5.m3u8"
    },
    {
      "title": "Rotate image-matrix",
      "url": "https://fast.wistia.com/embed/medias/9xfh8q07ld.m3u8"
    },
    {
      "title": "Merge Intervals",
      "url": "https://fast.wistia.com/embed/medias/cwv3ohn5n8.m3u8"
    },
    {
      "title": "Word Search",
      "url": "https://fast.wistia.com/embed/medias/5c5d49dqj0.m3u8"
    },
    {
      "title": "Permutations",
      "url": "https://fast.wistia.com/embed/medias/4w1w90jpe1.m3u8"
    },
    {
      "title": "Sum Root to Leaf Numbers",
      "url": "https://fast.wistia.com/embed/medias/21n47m2c9t.m3u8"
    },
    {
      "title": "Clone graph",
      "url": "https://fast.wistia.com/embed/medias/uvixrhy847.m3u8"
    },
    {
      "title": "Sort list",
      "url": "https://fast.wistia.com/embed/medias/bbp8dktmko.m3u8"
    },
    {
      "title": "Longest Consecutive Sequence",
      "url": "https://fast.wistia.com/embed/medias/ghd7dy75ba.m3u8"
    },
    {
      "title": "Longest Increasing Path in a Matrix",
      "url": "https://fast.wistia.com/embed/medias/uznvndeh8s.m3u8"
    },
    {
      "title": "String To Integer",
      "url": "https://fast.wistia.com/embed/medias/uw2na6ph1f.m3u8"
    },
    {
      "title": "Kth smallest element in a BST",
      "url": "https://fast.wistia.com/embed/medias/0l14epd4vz.m3u8"
    },
    {
      "title": "Largest  Rectangle in Histogram",
      "url": "https://fast.wistia.com/embed/medias/u7gun1h5ju.m3u8"
    },
    {
      "title": "Maximal Rectangle",
      "url": "https://fast.wistia.com/embed/medias/h7hng6gip0.m3u8"
    },
    {
      "title": "Find the Shortest Superstring",
      "url": "https://fast.wistia.com/embed/medias/lxlyv67xnq.m3u8"
    },
    {
      "title": "Wildcard matching",
      "url": "https://fast.wistia.com/embed/medias/kqpl0yu3r7.m3u8"
    },
    {
      "title": "Logger Rate Limiter",
      "url": "https://fast.wistia.com/embed/medias/d90snw9k7n.m3u8"
    },
    {
      "title": "Single Number",
      "url": "https://fast.wistia.com/embed/medias/8jc4pft11f.m3u8"
    },
    {
      "title": "Arranging Coins",
      "url": "https://fast.wistia.com/embed/medias/dw1axep7gj.m3u8"
    },
    {
      "title": "Finding the Users Active Minutes",
      "url": "https://fast.wistia.com/embed/medias/d99kvkpux5.m3u8"
    },
    {
      "title": "Design a Stack With Increment Operation",
      "url": "https://fast.wistia.com/embed/medias/jzrdazjze7.m3u8"
    },
    {
      "title": "Design hit counter",
      "url": "https://fast.wistia.com/embed/medias/o93evhbtfz.m3u8"
    },
    {
      "title": "Find the City with the Smallest Number of Neighbors at a Threshold Distance",
      "url": "https://fast.wistia.com/embed/medias/rnq7umyl45.m3u8"
    },
    {
      "title": "Design File System",
      "url": "https://fast.wistia.com/embed/medias/7p70oieeij.m3u8"
    },
    {
      "title": "Shortest bridge",
      "url": "https://fast.wistia.com/embed/medias/3ekv8qly4u.m3u8"
    },
    {
      "title": "Rank Team By votes",
      "url": "https://fast.wistia.com/embed/medias/gf5mdnje9z.m3u8"
    },
    {
      "title": "Top K frequent words",
      "url": "https://fast.wistia.com/embed/medias/09rjmfvzho.m3u8"
    },
    {
      "title": "Online election",
      "url": "https://fast.wistia.com/embed/medias/iuqmo8t98s.m3u8"
    },
    {
      "title": "Maximum number of occurrences of a substring",
      "url": "https://fast.wistia.com/embed/medias/qfmo79zwyz.m3u8"
    },
    {
      "title": "Find minimum in rotated sorted array",
      "url": "https://fast.wistia.com/embed/medias/k4lcz3lev1.m3u8"
    },
    {
      "title": "Unique Path II",
      "url": "https://fast.wistia.com/embed/medias/jtkk33zog9.m3u8"
    },
    {
      "title": "Smallest missing non-negative integer after operations",
      "url": "https://fast.wistia.com/embed/medias/sivmb6df0m.m3u8"
    },
    {
      "title": "Maximum profit in job scheduling",
      "url": "https://fast.wistia.com/embed/medias/ye1i32qudy.m3u8"
    },
    {
      "title": "Sliding window maximum",
      "url": "https://fast.wistia.com/embed/medias/aavdphxbw5.m3u8"
    },
    {
      "title": "Minimum time to visit a cell in a grid",
      "url": "https://fast.wistia.com/embed/medias/hp9blk4gon.m3u8"
    },
    {
      "title": "Number of ways to form a target string given a dictionary",
      "url": "https://fast.wistia.com/embed/medias/tw7bt7kidr.m3u8"
    },
    {
      "title": "Count Palindromic Subsequences",
      "url": "https://fast.wistia.com/embed/medias/5tra6jjdiy.m3u8"
    },
    {
      "title": "Count vowels permutation",
      "url": "https://fast.wistia.com/embed/medias/5if1b3e0g2.m3u8"
    },
    {
      "title": "Consecutive numbers sum",
      "url": "https://fast.wistia.com/embed/medias/pkd8pw68c7.m3u8"
    },
    {
      "title": "First Unique Character in String",
      "url": "https://fast.wistia.com/embed/medias/bbx7yet17u.m3u8"
    },
    {
      "title": "Find Pivot Element",
      "url": "https://fast.wistia.com/embed/medias/znm7s01qo4.m3u8"
    },
    {
      "title": "Power of three",
      "url": "https://fast.wistia.com/embed/medias/7g9z0psxe9.m3u8"
    },
    {
      "title": "Move Zeroes",
      "url": "https://fast.wistia.com/embed/medias/6ghasvjmj2.m3u8"
    },
    {
      "title": "Robot return to origin",
      "url": "https://fast.wistia.com/embed/medias/s3bzliaewt.m3u8"
    },
    {
      "title": "K-different pairs in an Array",
      "url": "https://fast.wistia.com/embed/medias/hoz9ky5fcx.m3u8"
    },
    {
      "title": "Beautiful Arrangement",
      "url": "https://fast.wistia.com/embed/medias/hhllgvmla3.m3u8"
    },
    {
      "title": "Minimum Area of Rectangle",
      "url": "https://fast.wistia.com/embed/medias/wliuhvnh6e.m3u8"
    },
    {
      "title": "Gas Station",
      "url": "https://fast.wistia.com/embed/medias/fgedzpcee6.m3u8"
    },
    {
      "title": "Minimum Path  Sum",
      "url": "https://fast.wistia.com/embed/medias/at3kop68bz.m3u8"
    },
    {
      "title": "Product of Array Except Self",
      "url": "https://fast.wistia.com/embed/medias/pr3w38gber.m3u8"
    },
    {
      "title": "Minimum Window Substring",
      "url": "https://fast.wistia.com/embed/medias/gzo7ujb0uj.m3u8"
    },
    {
      "title": "Count Number of Teams",
      "url": "https://fast.wistia.com/embed/medias/0yr3jc7fqx.m3u8"
    },
    {
      "title": "Robot bounded in a circle",
      "url": "https://fast.wistia.com/embed/medias/ydvg7588rv.m3u8"
    },
    {
      "title": "Spiral Matrix",
      "url": "https://fast.wistia.com/embed/medias/w7qrjdtacs.m3u8"
    },
    {
      "title": "Longest Word in Dictionary through Deleting",
      "url": "https://fast.wistia.com/embed/medias/tds296y5wi.m3u8"
    },
    {
      "title": "Knight Probability in Chessboard",
      "url": "https://fast.wistia.com/embed/medias/q3bpzag73m.m3u8"
    },
    {
      "title": "Fraction to Recurring Decimal",
      "url": "https://fast.wistia.com/embed/medias/fo4zet3pom.m3u8"
    },
    {
      "title": "Shortest subarray with Sum at least K",
      "url": "https://fast.wistia.com/embed/medias/vfnlzi096d.m3u8"
    },
    {
      "title": "Reaching Points",
      "url": "https://fast.wistia.com/embed/medias/lhljf0wxkf.m3u8"
    },
    {
      "title": "Last Substring in Lexicographical Order",
      "url": "https://fast.wistia.com/embed/medias/orjqlks39f.m3u8"
    },
    {
      "title": "Baseball Game",
      "url": "https://fast.wistia.com/embed/medias/w8trvsxt78.m3u8"
    },
    {
      "title": "Shortest Distance to a Character",
      "url": "https://fast.wistia.com/embed/medias/rkztyyn5cu.m3u8"
    },
    {
      "title": "To Lower Case",
      "url": "https://fast.wistia.com/embed/medias/gxjk8aytsw.m3u8"
    },
    {
      "title": "Toeplitz Matrix",
      "url": "https://fast.wistia.com/embed/medias/5ux89i7y8z.m3u8"
    },
    {
      "title": "Reverse String II",
      "url": "https://fast.wistia.com/embed/medias/5i9atczb1s.m3u8"
    },
    {
      "title": "Minimum index sum of two lists",
      "url": "https://fast.wistia.com/embed/medias/vom6s6bvwo.m3u8"
    },
    {
      "title": "Remove Element",
      "url": "https://fast.wistia.com/embed/medias/lwljkrr6ws.m3u8"
    },
    {
      "title": "Length of last word",
      "url": "https://fast.wistia.com/embed/medias/42ctuazvpo.m3u8"
    },
    {
      "title": "Subsets",
      "url": "https://fast.wistia.com/embed/medias/de67ze2pke.m3u8"
    },
    {
      "title": "Sum of Square Numbers",
      "url": "https://fast.wistia.com/embed/medias/xt0w9hvxt8.m3u8"
    },
    {
      "title": "Equal row and column pairs",
      "url": "https://fast.wistia.com/embed/medias/vnpomp4j5y.m3u8"
    },
    {
      "title": "Number of laser beams in a bank",
      "url": "https://fast.wistia.com/embed/medias/o8bd36q8l1.m3u8"
    },
    {
      "title": "Determine if two strings are close",
      "url": "https://fast.wistia.com/embed/medias/2urkrqo8co.m3u8"
    },
    {
      "title": "Check If a String can break another String",
      "url": "https://fast.wistia.com/embed/medias/9t9y3a7755.m3u8"
    },
    {
      "title": "Wiggle Sort II",
      "url": "https://fast.wistia.com/embed/medias/roxqi3jgm9.m3u8"
    },
    {
      "title": "Minimize Maximum Pair Sum in Array",
      "url": "https://fast.wistia.com/embed/medias/pm53l1rvoc.m3u8"
    },
    {
      "title": "Minimum Number of Swaps to Make The String Balanced",
      "url": "https://fast.wistia.com/embed/medias/udvo2s5rqm.m3u8"
    },
    {
      "title": "Triangle",
      "url": "https://fast.wistia.com/embed/medias/q39qrq8g5v.m3u8"
    },
    {
      "title": "Maximum Area of a Piece of Cake After Horizontal And Vertical Cut",
      "url": "https://fast.wistia.com/embed/medias/34loehr87w.m3u8"
    },
    {
      "title": "Sort Colors",
      "url": "https://fast.wistia.com/embed/medias/vrhi7xbkbi.m3u8"
    },
    {
      "title": "Search a 2D Matrix",
      "url": "https://fast.wistia.com/embed/medias/3rp5w2rd8l.m3u8"
    },
    {
      "title": "Sum in a Matrix",
      "url": "https://fast.wistia.com/embed/medias/2krkpo7bdp.m3u8"
    },
    {
      "title": "Valid Sudoku",
      "url": "https://fast.wistia.com/embed/medias/qrul46cd1l.m3u8"
    },
    {
      "title": "Maximum Bags With Full Capacity of Rocks",
      "url": "https://fast.wistia.com/embed/medias/6yo1bqn7i7.m3u8"
    },
    {
      "title": "Reducing dishes",
      "url": "https://fast.wistia.com/embed/medias/t2skahp1z6.m3u8"
    },
    {
      "title": "Unique Paths III",
      "url": "https://fast.wistia.com/embed/medias/1h8sr9wkmi.m3u8"
    },
    {
      "title": "First Missing Positive",
      "url": "https://fast.wistia.com/embed/medias/warpt0xf3x.m3u8"
    },
    {
      "title": "Palindrome Partitioning II",
      "url": "https://fast.wistia.com/embed/medias/ozbf0imslx.m3u8"
    }
  ],
  "whatYouWillLearn": [
    "Master the fundamentals and core concepts",
    "Build real-world projects and applications",
    "Understand best practices and industry standards",
    "Develop problem-solving skills",
    "Learn debugging and testing techniques",
    "Master object-oriented programming concepts"
  ],
  "requirements": [
    "Basic computer knowledge",
    "Internet connection for video streaming",
    "Code editor (VS Code recommended)",
    "Motivation to learn and practice"
  ],
  "rating": {
    "average": 4.5,
    "count": 524,
    "breakdown": {
      "1": 4,
      "2": 8,
      "3": 26,
      "4": 142,
      "5": 222
    }
  },
  "duration": "19h 56m",
  "level": "Beginner",
  "language": "English",
  "studentsEnrolled": 797,
  "lastUpdated": "2025-10-20",
  "features": [
    "Lifetime Access",
    "Certificate of Completion",
    "Mobile and Desktop Access",
    "Downloadable Resources",
    "Community Support"
  ],
  "teacherId": "apna-college"
}