{
  "courseName": "Anurag-Frontend-Development",
  "coursecategory": "web-development",
  "viewtype": "both",
  "des": "Learn The Complete Frontend Development Course | 150 Hours | Zero to Advanced by Anurag Singh ProCodrr with comprehensive video tutorials and hands-on projects.",
  "imageofcourse": "https://i.ytimg.com/vi/fc2axTKm4ps/hqdefault.jpg",
  "audio": "english",
  "cost": 0,
  "videoType": "youtube",
  "redirecturl": "https://www.youtube.com/watch?v=fc2axTKm4ps",
  "rank": "high",
  "videos": [
    {
      "title": "Web Development Course for Absolute Beginners | Hindi",
      "url": "https://www.youtube.com/watch?v=fc2axTKm4ps",
      "videoId": "fc2axTKm4ps",
      "thumbnail": "https://i.ytimg.com/vi/fc2axTKm4ps/mqdefault.jpg",
      "publishedAt": "2022-09-10T15:55:30Z"
    },
    {
      "title": "Frontend Roadmap to get Job Ready in 2024 | How to follow the course? | Free Resources",
      "url": "https://www.youtube.com/watch?v=fazzZmEC-LI",
      "videoId": "fazzZmEC-LI",
      "thumbnail": "https://i.ytimg.com/vi/fazzZmEC-LI/mqdefault.jpg",
      "publishedAt": "2024-03-30T11:54:37Z"
    },
    {
      "title": "What Is Internet? | Frontend Bootcamp Hindi | Ep.00",
      "url": "https://www.youtube.com/watch?v=16lCOvU5k30",
      "videoId": "16lCOvU5k30",
      "thumbnail": "https://i.ytimg.com/vi/16lCOvU5k30/mqdefault.jpg",
      "publishedAt": "2022-09-10T18:24:56Z"
    },
    {
      "title": "Watch this before learning HTML | HTTP request and response | Frontend Bootcamp Hindi | Ep.01",
      "url": "https://www.youtube.com/watch?v=CZHX9rmn5fY",
      "videoId": "CZHX9rmn5fY",
      "thumbnail": "https://i.ytimg.com/vi/CZHX9rmn5fY/mqdefault.jpg",
      "publishedAt": "2022-09-11T02:23:43Z"
    },
    {
      "title": "Learn Basic HTML by Making Project | Frontend Bootcamp Hindi | Ep.02",
      "url": "https://www.youtube.com/watch?v=1dWQssiqKvQ",
      "videoId": "1dWQssiqKvQ",
      "thumbnail": "https://i.ytimg.com/vi/1dWQssiqKvQ/mqdefault.jpg",
      "publishedAt": "2022-09-15T07:03:44Z"
    },
    {
      "title": "Inline Vs Block Elements | Div & Span Tags Explained | Frontend Bootcamp Hindi | Ep.03",
      "url": "https://www.youtube.com/watch?v=wBCzjbgY3FM",
      "videoId": "wBCzjbgY3FM",
      "thumbnail": "https://i.ytimg.com/vi/wBCzjbgY3FM/mqdefault.jpg",
      "publishedAt": "2022-09-18T11:45:51Z"
    },
    {
      "title": "Semantic Tags Explained | Frontend Bootcamp Hindi | Ep.04",
      "url": "https://www.youtube.com/watch?v=dIoeM2ikajQ",
      "videoId": "dIoeM2ikajQ",
      "thumbnail": "https://i.ytimg.com/vi/dIoeM2ikajQ/mqdefault.jpg",
      "publishedAt": "2022-09-20T02:16:04Z"
    },
    {
      "title": "What is the difference between Tags and Elements in HTML? | Frontend Bootcamp Hindi | Ep.05",
      "url": "https://www.youtube.com/watch?v=yKnLFNCTXro",
      "videoId": "yKnLFNCTXro",
      "thumbnail": "https://i.ytimg.com/vi/yKnLFNCTXro/mqdefault.jpg",
      "publishedAt": "2022-09-20T16:48:19Z"
    },
    {
      "title": "Global and Custom Attributes | Frontend Bootcamp Hindi | Ep.06",
      "url": "https://www.youtube.com/watch?v=PxXU-ip507s",
      "videoId": "PxXU-ip507s",
      "thumbnail": "https://i.ytimg.com/vi/PxXU-ip507s/mqdefault.jpg",
      "publishedAt": "2022-09-21T16:18:35Z"
    },
    {
      "title": "HTML Forms can do more than you might think | Frontend Bootcamp Hindi | Ep.07",
      "url": "https://www.youtube.com/watch?v=XilLk1woFfw",
      "videoId": "XilLk1woFfw",
      "thumbnail": "https://i.ytimg.com/vi/XilLk1woFfw/mqdefault.jpg",
      "publishedAt": "2022-09-23T00:27:54Z"
    },
    {
      "title": "HTML: The Missing Pieces | Frontend Bootcamp Hindi | Ep.08",
      "url": "https://www.youtube.com/watch?v=iGAattcXHc0",
      "videoId": "iGAattcXHc0",
      "thumbnail": "https://i.ytimg.com/vi/iGAattcXHc0/mqdefault.jpg",
      "publishedAt": "2022-09-24T02:44:46Z"
    },
    {
      "title": "Story of a PDF That Changed My Life",
      "url": "https://www.youtube.com/watch?v=Hj9WbispPg0",
      "videoId": "Hj9WbispPg0",
      "thumbnail": "https://i.ytimg.com/vi/Hj9WbispPg0/mqdefault.jpg",
      "publishedAt": "2022-09-25T13:05:02Z"
    },
    {
      "title": "Getting Started with CSS | Frontend Bootcamp Hindi | Ep.09",
      "url": "https://www.youtube.com/watch?v=-oEbAmSaw7g",
      "videoId": "-oEbAmSaw7g",
      "thumbnail": "https://i.ytimg.com/vi/-oEbAmSaw7g/mqdefault.jpg",
      "publishedAt": "2022-09-26T12:50:58Z"
    },
    {
      "title": "CSS Selectors: Element, Class, Id,  and Pseudo Selectors | Frontend Bootcamp Hindi | Ep.10",
      "url": "https://www.youtube.com/watch?v=HRPLnCBzmx8",
      "videoId": "HRPLnCBzmx8",
      "thumbnail": "https://i.ytimg.com/vi/HRPLnCBzmx8/mqdefault.jpg",
      "publishedAt": "2022-09-27T08:38:59Z"
    },
    {
      "title": "Cascade, Specificity & Inheritance Explained in Depth | Ep.11",
      "url": "https://www.youtube.com/watch?v=eYA9n_lFTNY",
      "videoId": "eYA9n_lFTNY",
      "thumbnail": "https://i.ytimg.com/vi/eYA9n_lFTNY/mqdefault.jpg",
      "publishedAt": "2022-09-28T09:57:16Z"
    },
    {
      "title": "How to Practice HTML & CSS | Frontend Bootcamp Hindi | Practice Chapter 0",
      "url": "https://www.youtube.com/watch?v=IYsGD5l8Ol8",
      "videoId": "IYsGD5l8Ol8",
      "thumbnail": "https://i.ytimg.com/vi/IYsGD5l8Ol8/mqdefault.jpg",
      "publishedAt": "2022-09-29T06:47:58Z"
    },
    {
      "title": "Important Keyword in CSS Explained | Frontend Bootcamp Hindi | Ep.12",
      "url": "https://www.youtube.com/watch?v=VresAuRUMO4",
      "videoId": "VresAuRUMO4",
      "thumbnail": "https://i.ytimg.com/vi/VresAuRUMO4/mqdefault.jpg",
      "publishedAt": "2022-09-30T08:33:17Z"
    },
    {
      "title": "CSS Box Model Explained in Depth | Part 1 | Frontend Bootcamp Hindi | Ep.13",
      "url": "https://www.youtube.com/watch?v=Ab5ztcNsanc",
      "videoId": "Ab5ztcNsanc",
      "thumbnail": "https://i.ytimg.com/vi/Ab5ztcNsanc/mqdefault.jpg",
      "publishedAt": "2022-10-01T11:38:52Z"
    },
    {
      "title": "CSS Box Model Explained in Depth | Part 2 | Frontend Bootcamp Hindi | Ep.14",
      "url": "https://www.youtube.com/watch?v=1mPG8o4jSZI",
      "videoId": "1mPG8o4jSZI",
      "thumbnail": "https://i.ytimg.com/vi/1mPG8o4jSZI/mqdefault.jpg",
      "publishedAt": "2022-10-02T13:54:51Z"
    },
    {
      "title": "CSS Box Model with Inline Elements | Scam of Span | Part 3 | Frontend Bootcamp Hindi | Ep.15",
      "url": "https://www.youtube.com/watch?v=JnY16NvJbXE",
      "videoId": "JnY16NvJbXE",
      "thumbnail": "https://i.ytimg.com/vi/JnY16NvJbXE/mqdefault.jpg",
      "publishedAt": "2022-10-03T11:59:51Z"
    },
    {
      "title": "Percentage: The Underestimated CSS Unit | Frontend Bootcamp Hindi | Ep.16",
      "url": "https://www.youtube.com/watch?v=lZObX0jltus",
      "videoId": "lZObX0jltus",
      "thumbnail": "https://i.ytimg.com/vi/lZObX0jltus/mqdefault.jpg",
      "publishedAt": "2022-10-03T18:44:18Z"
    },
    {
      "title": "You'll NEVER Get Confused Again | rem and em Explained in Depth | Frontend Bootcamp Hindi | Ep.17",
      "url": "https://www.youtube.com/watch?v=tzVHqBFPTEM",
      "videoId": "tzVHqBFPTEM",
      "thumbnail": "https://i.ytimg.com/vi/tzVHqBFPTEM/mqdefault.jpg",
      "publishedAt": "2022-10-04T08:27:09Z"
    },
    {
      "title": "CSS Positions: Static, Relative, Absolute, Fixed, Sticky Explained | Frontend Bootcamp Hindi | Ep.18",
      "url": "https://www.youtube.com/watch?v=Wa3kvQusRUc",
      "videoId": "Wa3kvQusRUc",
      "thumbnail": "https://i.ytimg.com/vi/Wa3kvQusRUc/mqdefault.jpg",
      "publishedAt": "2022-10-05T18:50:02Z"
    },
    {
      "title": "Transform, Translate, Transition, Shadows, Opacity, Alpha Channel | Frontend Bootcamp Hindi | Ep.19",
      "url": "https://www.youtube.com/watch?v=DbSnFAx3Exo",
      "videoId": "DbSnFAx3Exo",
      "thumbnail": "https://i.ytimg.com/vi/DbSnFAx3Exo/mqdefault.jpg",
      "publishedAt": "2022-10-06T18:56:59Z"
    },
    {
      "title": "Build Your First CSS Project | Frontend Mentor HTML & CSS Project | Frontend Bootcamp Hindi | Ep.20",
      "url": "https://www.youtube.com/watch?v=beQ87W7ObVY",
      "videoId": "beQ87W7ObVY",
      "thumbnail": "https://i.ytimg.com/vi/beQ87W7ObVY/mqdefault.jpg",
      "publishedAt": "2022-10-08T11:26:04Z"
    },
    {
      "title": "HTML & CSS Only Project | Frontend Bootcamp Hindi | Ep. 21",
      "url": "https://www.youtube.com/watch?v=y3lU1jmbDRc",
      "videoId": "y3lU1jmbDRc",
      "thumbnail": "https://i.ytimg.com/vi/y3lU1jmbDRc/mqdefault.jpg",
      "publishedAt": "2022-10-11T09:30:10Z"
    },
    {
      "title": "Flexbox: The Inside Story | Flexbox Explained in Depth | Frontend Bootcamp Hindi | Ep.22",
      "url": "https://www.youtube.com/watch?v=mX-MC_kZZd0",
      "videoId": "mX-MC_kZZd0",
      "thumbnail": "https://i.ytimg.com/vi/mX-MC_kZZd0/mqdefault.jpg",
      "publishedAt": "2022-10-14T03:19:54Z"
    },
    {
      "title": "Flexbox: The Missing Pieces | Advance Flexbox Properties Explained | Frontend Bootcamp Hindi | Ep.23",
      "url": "https://www.youtube.com/watch?v=X59-cVnwVDE",
      "videoId": "X59-cVnwVDE",
      "thumbnail": "https://i.ytimg.com/vi/X59-cVnwVDE/mqdefault.jpg",
      "publishedAt": "2022-10-15T15:58:34Z"
    },
    {
      "title": "HTML and CSS Only Project | Best for Beginners | Frontend Mentor | Frontend Bootcamp Hindi | Ep.24",
      "url": "https://www.youtube.com/watch?v=oNnrj5mWZvM",
      "videoId": "oNnrj5mWZvM",
      "thumbnail": "https://i.ytimg.com/vi/oNnrj5mWZvM/mqdefault.jpg",
      "publishedAt": "2022-10-18T13:12:45Z"
    },
    {
      "title": "Watch this before learning @media queries | Frontend Bootcamp Hindi | Ep.25",
      "url": "https://www.youtube.com/watch?v=AhDPtHd_7i0",
      "videoId": "AhDPtHd_7i0",
      "thumbnail": "https://i.ytimg.com/vi/AhDPtHd_7i0/mqdefault.jpg",
      "publishedAt": "2022-10-21T07:50:16Z"
    },
    {
      "title": "Media Queries in CSS | Most Important for Responsive Websites | Frontend Bootcamp Hindi | Ep.26",
      "url": "https://www.youtube.com/watch?v=LJJz1M1qbVE",
      "videoId": "LJJz1M1qbVE",
      "thumbnail": "https://i.ytimg.com/vi/LJJz1M1qbVE/mqdefault.jpg",
      "publishedAt": "2022-10-21T13:31:55Z"
    },
    {
      "title": "Send Diwali Wishes with Custom Names | HTML & CSS Only Project | Frontend Bootcamp Hindi | Ep.27",
      "url": "https://www.youtube.com/watch?v=YtXInxqYw5A",
      "videoId": "YtXInxqYw5A",
      "thumbnail": "https://i.ytimg.com/vi/YtXInxqYw5A/mqdefault.jpg",
      "publishedAt": "2022-10-23T08:27:19Z"
    },
    {
      "title": "Why Overflow is Good? | CSS is Actually Awesome | Frontend Bootcamp Hindi | Ep.28",
      "url": "https://www.youtube.com/watch?v=berhfH0W4Vw",
      "videoId": "berhfH0W4Vw",
      "thumbnail": "https://i.ytimg.com/vi/berhfH0W4Vw/mqdefault.jpg",
      "publishedAt": "2022-10-24T15:44:05Z"
    },
    {
      "title": "Bring Div to Front Without z-index | Stacking Elements and z-index | Frontend Bootcamp Hindi | Ep.29",
      "url": "https://www.youtube.com/watch?v=VDjXE4v-NdQ",
      "videoId": "VDjXE4v-NdQ",
      "thumbnail": "https://i.ytimg.com/vi/VDjXE4v-NdQ/mqdefault.jpg",
      "publishedAt": "2022-10-26T04:27:30Z"
    },
    {
      "title": "Don't use Floats this Way | Floats & Clears Explained in Depth | Frontend Bootcamp Hindi | Ep. 30",
      "url": "https://www.youtube.com/watch?v=E3i7ETmnfR8",
      "videoId": "E3i7ETmnfR8",
      "thumbnail": "https://i.ytimg.com/vi/E3i7ETmnfR8/mqdefault.jpg",
      "publishedAt": "2022-10-27T11:48:36Z"
    },
    {
      "title": "CSS Grid is Much Easier Than You Might Think | CSS Grid in Depth | Frontend Bootcamp Hindi | Ep.31",
      "url": "https://www.youtube.com/watch?v=Oa3ZJQlAbWI",
      "videoId": "Oa3ZJQlAbWI",
      "thumbnail": "https://i.ytimg.com/vi/Oa3ZJQlAbWI/mqdefault.jpg",
      "publishedAt": "2022-10-28T15:48:58Z"
    },
    {
      "title": "CSS Grid Project | Best for Begineers | Frontend Bootcamp Hindi | Ep.32",
      "url": "https://www.youtube.com/watch?v=npLvEXoLVZQ",
      "videoId": "npLvEXoLVZQ",
      "thumbnail": "https://i.ytimg.com/vi/npLvEXoLVZQ/mqdefault.jpg",
      "publishedAt": "2022-10-29T14:13:22Z"
    },
    {
      "title": "Unlock Superpowers of CSS Grid | Frontend Bootcamp Hindi | Ep.33",
      "url": "https://www.youtube.com/watch?v=p-CfOVelX3o",
      "videoId": "p-CfOVelX3o",
      "thumbnail": "https://i.ytimg.com/vi/p-CfOVelX3o/mqdefault.jpg",
      "publishedAt": "2022-10-30T07:42:55Z"
    },
    {
      "title": "Grid Areas Explained in Depth | Frontend Bootcamp Hindi | Ep.34",
      "url": "https://www.youtube.com/watch?v=YulUVlGw7cw",
      "videoId": "YulUVlGw7cw",
      "thumbnail": "https://i.ytimg.com/vi/YulUVlGw7cw/mqdefault.jpg",
      "publishedAt": "2022-10-31T08:52:10Z"
    },
    {
      "title": "CSS Variables Explained in Depth | Last CSS Video | Frontend Bootcamp Hindi | Ep.35",
      "url": "https://www.youtube.com/watch?v=aE1JL9CIuN0",
      "videoId": "aE1JL9CIuN0",
      "thumbnail": "https://i.ytimg.com/vi/aE1JL9CIuN0/mqdefault.jpg",
      "publishedAt": "2022-11-01T02:58:58Z"
    },
    {
      "title": "The Complete JavaScript Course | Trailer | Zero to Advanced",
      "url": "https://www.youtube.com/watch?v=9P9h5h9kBmU",
      "videoId": "9P9h5h9kBmU",
      "thumbnail": "https://i.ytimg.com/vi/9P9h5h9kBmU/mqdefault.jpg",
      "publishedAt": "2022-11-01T17:03:53Z"
    },
    {
      "title": "Story of JavaScript | JavaScript History | The Complete JavaScript Course | Ep.01",
      "url": "https://www.youtube.com/watch?v=5JFrFM3pj5s",
      "videoId": "5JFrFM3pj5s",
      "thumbnail": "https://i.ytimg.com/vi/5JFrFM3pj5s/mqdefault.jpg",
      "publishedAt": "2022-11-02T17:51:26Z"
    },
    {
      "title": "Introduction to JavaScript | The Complete JavaScript Course | Ep.02",
      "url": "https://www.youtube.com/watch?v=-lBfLogYtZk",
      "videoId": "-lBfLogYtZk",
      "thumbnail": "https://i.ytimg.com/vi/-lBfLogYtZk/mqdefault.jpg",
      "publishedAt": "2022-11-03T14:30:26Z"
    },
    {
      "title": "Data Types in JavaScript | Primitive Data Types Explained | The Complete JavaScript Course | Ep.03",
      "url": "https://www.youtube.com/watch?v=-3H3XJHwzRI",
      "videoId": "-3H3XJHwzRI",
      "thumbnail": "https://i.ytimg.com/vi/-3H3XJHwzRI/mqdefault.jpg",
      "publishedAt": "2022-11-04T17:33:10Z"
    },
    {
      "title": "JavaScript Variables Explained in Depth | let, const, var | The Complete JavaScript Course | Ep.04",
      "url": "https://www.youtube.com/watch?v=RFx0PnTqxfI",
      "videoId": "RFx0PnTqxfI",
      "thumbnail": "https://i.ytimg.com/vi/RFx0PnTqxfI/mqdefault.jpg",
      "publishedAt": "2022-11-06T04:50:00Z"
    },
    {
      "title": "Watch Your Code Running Line by Line in Dev Tools | The Complete JavaScript Course | Ep.05",
      "url": "https://www.youtube.com/watch?v=FMhPjmO0ziE",
      "videoId": "FMhPjmO0ziE",
      "thumbnail": "https://i.ytimg.com/vi/FMhPjmO0ziE/mqdefault.jpg",
      "publishedAt": "2022-11-07T04:09:57Z"
    },
    {
      "title": "Dialog Boxes in JavaScript | Alert, Confirm, & Prompt | The Complete JavaScript Course | Ep.06",
      "url": "https://www.youtube.com/watch?v=aHayyIbxIAo",
      "videoId": "aHayyIbxIAo",
      "thumbnail": "https://i.ytimg.com/vi/aHayyIbxIAo/mqdefault.jpg",
      "publishedAt": "2022-11-08T02:19:40Z"
    },
    {
      "title": "Template Literals | String Methods & Properties | The Complete JavaScript Course | Ep.07",
      "url": "https://www.youtube.com/watch?v=Z4x2EgRkJ1g",
      "videoId": "Z4x2EgRkJ1g",
      "thumbnail": "https://i.ytimg.com/vi/Z4x2EgRkJ1g/mqdefault.jpg",
      "publishedAt": "2022-11-09T09:45:30Z"
    },
    {
      "title": "Math Object in JavaScript | The Complete JavaScript Course | Ep.08",
      "url": "https://www.youtube.com/watch?v=H3-1EQW2evA",
      "videoId": "H3-1EQW2evA",
      "thumbnail": "https://i.ytimg.com/vi/H3-1EQW2evA/mqdefault.jpg",
      "publishedAt": "2022-11-10T12:02:07Z"
    },
    {
      "title": "Most Used Concept in JavaScript | Truthy and Falsy Values | The Complete JavaScript Course | Ep.09",
      "url": "https://www.youtube.com/watch?v=UPARgGhfb5E",
      "videoId": "UPARgGhfb5E",
      "thumbnail": "https://i.ytimg.com/vi/UPARgGhfb5E/mqdefault.jpg",
      "publishedAt": "2022-11-11T15:51:02Z"
    },
    {
      "title": "Comparison Operators in JavaScript Explained in Hindi | The Complete JavaScript Course | Ep.10",
      "url": "https://www.youtube.com/watch?v=HVhD13U5Bh0",
      "videoId": "HVhD13U5Bh0",
      "thumbnail": "https://i.ytimg.com/vi/HVhD13U5Bh0/mqdefault.jpg",
      "publishedAt": "2022-11-12T14:27:46Z"
    },
    {
      "title": "Logical Operators in JavaScript | And, Or, Not, Operators | The Complete JavaScript Course | Ep.11",
      "url": "https://www.youtube.com/watch?v=hjSSoCRU_nc",
      "videoId": "hjSSoCRU_nc",
      "thumbnail": "https://i.ytimg.com/vi/hjSSoCRU_nc/mqdefault.jpg",
      "publishedAt": "2023-01-13T06:38:00Z"
    },
    {
      "title": "Decision Making in JavaScript Using IF Statement | The Complete JavaScript Course | Ep.12",
      "url": "https://www.youtube.com/watch?v=6-dv7UETgJg",
      "videoId": "6-dv7UETgJg",
      "thumbnail": "https://i.ytimg.com/vi/6-dv7UETgJg/mqdefault.jpg",
      "publishedAt": "2022-11-14T13:00:02Z"
    },
    {
      "title": "Optimize Decision Making Using Else If and Else | The Complete JavaScript Course | Ep.13",
      "url": "https://www.youtube.com/watch?v=7lld3Xk5usQ",
      "videoId": "7lld3Xk5usQ",
      "thumbnail": "https://i.ytimg.com/vi/7lld3Xk5usQ/mqdefault.jpg",
      "publishedAt": "2022-11-15T17:15:14Z"
    },
    {
      "title": "Nested IF ELSE Statement in JavaScript | The Complete JavaScript Course | Ep.14",
      "url": "https://www.youtube.com/watch?v=Hc0O0u9C_u4",
      "videoId": "Hc0O0u9C_u4",
      "thumbnail": "https://i.ytimg.com/vi/Hc0O0u9C_u4/mqdefault.jpg",
      "publishedAt": "2022-11-16T11:04:00Z"
    },
    {
      "title": "Switch Statement in JavaScript | Switch Case | The Complete JavaScript Course | Ep.15",
      "url": "https://www.youtube.com/watch?v=ebJVbq6BDFI",
      "videoId": "ebJVbq6BDFI",
      "thumbnail": "https://i.ytimg.com/vi/ebJVbq6BDFI/mqdefault.jpg",
      "publishedAt": "2022-11-17T10:27:37Z"
    },
    {
      "title": "Ternary Operator Explained in Hindi | The Complete JavaScript Course | Ep.16",
      "url": "https://www.youtube.com/watch?v=uO0RRCBsEIY",
      "videoId": "uO0RRCBsEIY",
      "thumbnail": "https://i.ytimg.com/vi/uO0RRCBsEIY/mqdefault.jpg",
      "publishedAt": "2022-11-18T16:00:57Z"
    },
    {
      "title": "How to See Variable Address in Dev Tools? | Memory Location | The Complete JavaScript Course | Ep.17",
      "url": "https://www.youtube.com/watch?v=Gqlv6inCZqI",
      "videoId": "Gqlv6inCZqI",
      "thumbnail": "https://i.ytimg.com/vi/Gqlv6inCZqI/mqdefault.jpg",
      "publishedAt": "2022-11-20T04:10:40Z"
    },
    {
      "title": "Objects in JavaScript Explained in Depth | The Complete JavaScript Course | Ep.18",
      "url": "https://www.youtube.com/watch?v=1Rhdtq5pYoY",
      "videoId": "1Rhdtq5pYoY",
      "thumbnail": "https://i.ytimg.com/vi/1Rhdtq5pYoY/mqdefault.jpg",
      "publishedAt": "2022-11-21T08:57:47Z"
    },
    {
      "title": "Object.freeze( ) vs Object.seal( ) in JavaScript | The Complete JavaScript Course | Ep.19",
      "url": "https://www.youtube.com/watch?v=K2v08vu-tK0",
      "videoId": "K2v08vu-tK0",
      "thumbnail": "https://i.ytimg.com/vi/K2v08vu-tK0/mqdefault.jpg",
      "publishedAt": "2022-11-22T14:13:04Z"
    },
    {
      "title": "Arrays Explained in Depth | The Complete JavaScript Course | Ep.20",
      "url": "https://www.youtube.com/watch?v=xerUjcKdA0o",
      "videoId": "xerUjcKdA0o",
      "thumbnail": "https://i.ytimg.com/vi/xerUjcKdA0o/mqdefault.jpg",
      "publishedAt": "2022-11-23T09:29:38Z"
    },
    {
      "title": "Most Common Array Methods in JavaScript | The Complete JavaScript Course | Ep.21",
      "url": "https://www.youtube.com/watch?v=RTfNjbqQokI",
      "videoId": "RTfNjbqQokI",
      "thumbnail": "https://i.ytimg.com/vi/RTfNjbqQokI/mqdefault.jpg",
      "publishedAt": "2022-11-24T10:18:59Z"
    },
    {
      "title": "Multidimensional Arrays are Easier Than You Might Think | The Complete JavaScript Course | Ep.22",
      "url": "https://www.youtube.com/watch?v=hhO8aiDgN9A",
      "videoId": "hhO8aiDgN9A",
      "thumbnail": "https://i.ytimg.com/vi/hhO8aiDgN9A/mqdefault.jpg",
      "publishedAt": "2022-11-25T15:54:24Z"
    },
    {
      "title": "Right Way to Copy Objects and Arrays | Deep Vs Shallow Copy | The Complete JavaScript Course | Ep.23",
      "url": "https://www.youtube.com/watch?v=l_YFa0SKqtY",
      "videoId": "l_YFa0SKqtY",
      "thumbnail": "https://i.ytimg.com/vi/l_YFa0SKqtY/mqdefault.jpg",
      "publishedAt": "2022-11-26T15:50:29Z"
    },
    {
      "title": "Combined Assignment Operators in JS | Increment and Decrement Operator | Ep.24",
      "url": "https://www.youtube.com/watch?v=AnVdRB2n7kg",
      "videoId": "AnVdRB2n7kg",
      "thumbnail": "https://i.ytimg.com/vi/AnVdRB2n7kg/mqdefault.jpg",
      "publishedAt": "2022-11-27T10:49:06Z"
    },
    {
      "title": "While Loop in JavaScript | Explained in Depth | The Complete JavaScript Course | Ep.25",
      "url": "https://www.youtube.com/watch?v=IoDfreDgTgM",
      "videoId": "IoDfreDgTgM",
      "thumbnail": "https://i.ytimg.com/vi/IoDfreDgTgM/mqdefault.jpg",
      "publishedAt": "2022-11-28T10:13:58Z"
    },
    {
      "title": "For Loop in JavaScript | The Complete JavaScript Course | Ep.26",
      "url": "https://www.youtube.com/watch?v=jsttBfsjIWc",
      "videoId": "jsttBfsjIWc",
      "thumbnail": "https://i.ytimg.com/vi/jsttBfsjIWc/mqdefault.jpg",
      "publishedAt": "2022-11-29T02:55:33Z"
    },
    {
      "title": "Do While Loop in JavaScript | The Complete JavaScript Course | Ep.27",
      "url": "https://www.youtube.com/watch?v=XSevUMHPC3o",
      "videoId": "XSevUMHPC3o",
      "thumbnail": "https://i.ytimg.com/vi/XSevUMHPC3o/mqdefault.jpg",
      "publishedAt": "2022-11-29T03:33:07Z"
    },
    {
      "title": "Introduction to Functions | The Complete JavaScript Course | Ep.28",
      "url": "https://www.youtube.com/watch?v=htufr8nVeu4",
      "videoId": "htufr8nVeu4",
      "thumbnail": "https://i.ytimg.com/vi/htufr8nVeu4/mqdefault.jpg",
      "publishedAt": "2022-12-02T11:21:04Z"
    },
    {
      "title": "Return Keyword in JavaScript Explained in Depth | The Complete JavaScript Course | Ep.29",
      "url": "https://www.youtube.com/watch?v=hz9Zpv36jAM",
      "videoId": "hz9Zpv36jAM",
      "thumbnail": "https://i.ytimg.com/vi/hz9Zpv36jAM/mqdefault.jpg",
      "publishedAt": "2022-12-03T14:22:15Z"
    },
    {
      "title": "Execution Context in JavaScript Explained in Depth | The Complete JavaScript Course | Ep.30",
      "url": "https://www.youtube.com/watch?v=JfW1fBRCeLU",
      "videoId": "JfW1fBRCeLU",
      "thumbnail": "https://i.ytimg.com/vi/JfW1fBRCeLU/mqdefault.jpg",
      "publishedAt": "2022-12-04T15:31:27Z"
    },
    {
      "title": "Call Stack in JavaScript | The Complete JavaScript Course | Ep.31",
      "url": "https://www.youtube.com/watch?v=kfxITcxEsG0",
      "videoId": "kfxITcxEsG0",
      "thumbnail": "https://i.ytimg.com/vi/kfxITcxEsG0/mqdefault.jpg",
      "publishedAt": "2022-12-05T12:56:12Z"
    },
    {
      "title": "What is Hoisting? | Most Asked JS Interview Question | The Complete JavaScript Course | Ep.32",
      "url": "https://www.youtube.com/watch?v=E5af3VAaGCs",
      "videoId": "E5af3VAaGCs",
      "thumbnail": "https://i.ytimg.com/vi/E5af3VAaGCs/mqdefault.jpg",
      "publishedAt": "2022-12-06T16:44:10Z"
    },
    {
      "title": "Global Scope vs Local Scope in Javascript | The Complete JavaScript Course | Ep.33",
      "url": "https://www.youtube.com/watch?v=7QhMQRRBpZ0",
      "videoId": "7QhMQRRBpZ0",
      "thumbnail": "https://i.ytimg.com/vi/7QhMQRRBpZ0/mqdefault.jpg",
      "publishedAt": "2022-12-07T16:00:47Z"
    },
    {
      "title": "Lexical and Block Scope Explained in Depth | The Complete JavaScript Course | Ep.34",
      "url": "https://www.youtube.com/watch?v=dvNqTN_nokg",
      "videoId": "dvNqTN_nokg",
      "thumbnail": "https://i.ytimg.com/vi/dvNqTN_nokg/mqdefault.jpg",
      "publishedAt": "2022-12-08T09:20:32Z"
    },
    {
      "title": "Higher Order Functions and Callbacks in JavaScript | The Complete JavaScript Course | Ep.35",
      "url": "https://www.youtube.com/watch?v=P6G0ucf2nSw",
      "videoId": "P6G0ucf2nSw",
      "thumbnail": "https://i.ytimg.com/vi/P6G0ucf2nSw/mqdefault.jpg",
      "publishedAt": "2022-12-08T19:22:36Z"
    },
    {
      "title": "setTimeout and setInterval in JavaScript | The Complete JavaScript Course | Ep. 36",
      "url": "https://www.youtube.com/watch?v=fn9FjfV7rxA",
      "videoId": "fn9FjfV7rxA",
      "thumbnail": "https://i.ytimg.com/vi/fn9FjfV7rxA/mqdefault.jpg",
      "publishedAt": "2022-12-11T13:55:06Z"
    },
    {
      "title": "Event Loop and Callback Queue in JavaScript | The Complete JavaScript Course | Ep.37",
      "url": "https://www.youtube.com/watch?v=JMeT-Uskm7M",
      "videoId": "JMeT-Uskm7M",
      "thumbnail": "https://i.ytimg.com/vi/JMeT-Uskm7M/mqdefault.jpg",
      "publishedAt": "2022-12-14T12:22:24Z"
    },
    {
      "title": "Returning Functions with Closures in JavaScript | The Complete JavaScript Course | Ep.38",
      "url": "https://www.youtube.com/watch?v=w_-fVsa6qns",
      "videoId": "w_-fVsa6qns",
      "thumbnail": "https://i.ytimg.com/vi/w_-fVsa6qns/mqdefault.jpg",
      "publishedAt": "2022-12-16T11:57:19Z"
    },
    {
      "title": "Difference between Methods and Functions in JavaScript | The Complete JavaScript Course | Ep.39",
      "url": "https://www.youtube.com/watch?v=xzTmgO-toMg",
      "videoId": "xzTmgO-toMg",
      "thumbnail": "https://i.ytimg.com/vi/xzTmgO-toMg/mqdefault.jpg",
      "publishedAt": "2022-12-17T13:54:56Z"
    },
    {
      "title": "Arrow Functions in JavaScript | ES6 | The Complete JavaScript Course | Ep.40",
      "url": "https://www.youtube.com/watch?v=EDnmuuBTbHw",
      "videoId": "EDnmuuBTbHw",
      "thumbnail": "https://i.ytimg.com/vi/EDnmuuBTbHw/mqdefault.jpg",
      "publishedAt": "2022-12-18T14:31:11Z"
    },
    {
      "title": "for of vs for in Loop in JavaScript | ES6 | The Complete JavaScript Course | Ep.41",
      "url": "https://www.youtube.com/watch?v=SSe6XCOcW0A",
      "videoId": "SSe6XCOcW0A",
      "thumbnail": "https://i.ytimg.com/vi/SSe6XCOcW0A/mqdefault.jpg",
      "publishedAt": "2022-12-19T11:45:39Z"
    },
    {
      "title": "forEach Array Method in JavaScript | The Complete JavaScript Course | Ep.42",
      "url": "https://www.youtube.com/watch?v=ZCJtWCSZ5p8",
      "videoId": "ZCJtWCSZ5p8",
      "thumbnail": "https://i.ytimg.com/vi/ZCJtWCSZ5p8/mqdefault.jpg",
      "publishedAt": "2022-12-20T08:50:15Z"
    },
    {
      "title": "Map, Filter, Reduce in JavaScript | The Complete JavaScript Course | Ep.43",
      "url": "https://www.youtube.com/watch?v=Kc3kSIpL6x8",
      "videoId": "Kc3kSIpL6x8",
      "thumbnail": "https://i.ytimg.com/vi/Kc3kSIpL6x8/mqdefault.jpg",
      "publishedAt": "2022-12-21T18:17:12Z"
    },
    {
      "title": "Some and Every Array Method in JavaScript | The Complete JavaScript Course | Ep.44",
      "url": "https://www.youtube.com/watch?v=UkbmmtvxpXA",
      "videoId": "UkbmmtvxpXA",
      "thumbnail": "https://i.ytimg.com/vi/UkbmmtvxpXA/mqdefault.jpg",
      "publishedAt": "2022-12-22T12:25:19Z"
    },
    {
      "title": "Arguments Keyword in JavaScript | The Complete JavaScript Course | Ep.45",
      "url": "https://www.youtube.com/watch?v=E59DytaXTio",
      "videoId": "E59DytaXTio",
      "thumbnail": "https://i.ytimg.com/vi/E59DytaXTio/mqdefault.jpg",
      "publishedAt": "2022-12-23T13:11:23Z"
    },
    {
      "title": "Default Parameters in JavaScript | ES6 | The Complete JavaScript Course | Ep.46",
      "url": "https://www.youtube.com/watch?v=r7I1ViZR08o",
      "videoId": "r7I1ViZR08o",
      "thumbnail": "https://i.ytimg.com/vi/r7I1ViZR08o/mqdefault.jpg",
      "publishedAt": "2022-12-25T14:05:28Z"
    },
    {
      "title": "Spread Operator | The Complete JavaScript Course | Ep.47",
      "url": "https://www.youtube.com/watch?v=AK5XHPZgfUg",
      "videoId": "AK5XHPZgfUg",
      "thumbnail": "https://i.ytimg.com/vi/AK5XHPZgfUg/mqdefault.jpg",
      "publishedAt": "2022-12-26T13:09:51Z"
    },
    {
      "title": "Rest Parameters in JavaScript | The Complete JavaScript Course | Ep.48",
      "url": "https://www.youtube.com/watch?v=-DZmZq2hyCY",
      "videoId": "-DZmZq2hyCY",
      "thumbnail": "https://i.ytimg.com/vi/-DZmZq2hyCY/mqdefault.jpg",
      "publishedAt": "2022-12-27T08:06:33Z"
    },
    {
      "title": "Destructuring in JavaScript | The Complete JavaScript Course | Ep.49",
      "url": "https://www.youtube.com/watch?v=9dQ38beIC-M",
      "videoId": "9dQ38beIC-M",
      "thumbnail": "https://i.ytimg.com/vi/9dQ38beIC-M/mqdefault.jpg",
      "publishedAt": "2022-12-28T09:55:49Z"
    },
    {
      "title": "What is BOM in JavaScript? | Window Object | The Complete JavaScript Course | Ep.50",
      "url": "https://www.youtube.com/watch?v=hyIBB48aAws",
      "videoId": "hyIBB48aAws",
      "thumbnail": "https://i.ytimg.com/vi/hyIBB48aAws/mqdefault.jpg",
      "publishedAt": "2022-12-30T12:26:18Z"
    },
    {
      "title": "Introduction to DOM | Document Object Model | The Complete JavaScript Course | Ep.51",
      "url": "https://www.youtube.com/watch?v=m2TpNXtT4Cs",
      "videoId": "m2TpNXtT4Cs",
      "thumbnail": "https://i.ytimg.com/vi/m2TpNXtT4Cs/mqdefault.jpg",
      "publishedAt": "2022-12-31T15:58:29Z"
    },
    {
      "title": "Selecting Elements in JavaScript | DOM Manipulation | The Complete JavaScript Course | Ep.52",
      "url": "https://www.youtube.com/watch?v=fOKfCNk7TMA",
      "videoId": "fOKfCNk7TMA",
      "thumbnail": "https://i.ytimg.com/vi/fOKfCNk7TMA/mqdefault.jpg",
      "publishedAt": "2023-01-01T12:46:54Z"
    },
    {
      "title": "Difference between innerText and textContent in JavaScript | The Complete JavaScript Course | Ep.53",
      "url": "https://www.youtube.com/watch?v=83u35YfNE1w",
      "videoId": "83u35YfNE1w",
      "thumbnail": "https://i.ytimg.com/vi/83u35YfNE1w/mqdefault.jpg",
      "publishedAt": "2023-01-02T11:16:25Z"
    },
    {
      "title": "getAttribute and setAttribute in JavaScript | The Complete JavaScript Course | Ep.54",
      "url": "https://www.youtube.com/watch?v=38mNZls3lUU",
      "videoId": "38mNZls3lUU",
      "thumbnail": "https://i.ytimg.com/vi/38mNZls3lUU/mqdefault.jpg",
      "publishedAt": "2023-01-03T06:11:05Z"
    },
    {
      "title": "How to apply styles in JavaScript | The Complete JavaScript Course | Ep.55",
      "url": "https://www.youtube.com/watch?v=KW9DiBSVC_c",
      "videoId": "KW9DiBSVC_c",
      "thumbnail": "https://i.ytimg.com/vi/KW9DiBSVC_c/mqdefault.jpg",
      "publishedAt": "2023-01-04T11:31:34Z"
    },
    {
      "title": "Access Parent Sibling &  Children Elements using JavaScript | The Complete JavaScript Course | Ep.56",
      "url": "https://www.youtube.com/watch?v=QK_-jfUIFZE",
      "videoId": "QK_-jfUIFZE",
      "thumbnail": "https://i.ytimg.com/vi/QK_-jfUIFZE/mqdefault.jpg",
      "publishedAt": "2023-01-05T07:03:38Z"
    },
    {
      "title": "What is the Difference Between Element and Node? | The Complete JavaScript Course | Ep.57",
      "url": "https://www.youtube.com/watch?v=zx4AIcl77M0",
      "videoId": "zx4AIcl77M0",
      "thumbnail": "https://i.ytimg.com/vi/zx4AIcl77M0/mqdefault.jpg",
      "publishedAt": "2023-01-07T13:26:56Z"
    },
    {
      "title": "What is the difference between append and appendChild? | The Complete JavaScript Course | Ep.58",
      "url": "https://www.youtube.com/watch?v=rSX0sYwPnZg",
      "videoId": "rSX0sYwPnZg",
      "thumbnail": "https://i.ytimg.com/vi/rSX0sYwPnZg/mqdefault.jpg",
      "publishedAt": "2023-01-08T12:43:21Z"
    },
    {
      "title": "Creating Elements in JavaScript | The Complete JavaScript Course | Ep.59",
      "url": "https://www.youtube.com/watch?v=wl68fLJy_DU",
      "videoId": "wl68fLJy_DU",
      "thumbnail": "https://i.ytimg.com/vi/wl68fLJy_DU/mqdefault.jpg",
      "publishedAt": "2023-01-09T11:20:17Z"
    },
    {
      "title": "How to remove element using Javascript ? | The Complete JavaScript Course | Ep.60",
      "url": "https://www.youtube.com/watch?v=TBSNNHYwu1g",
      "videoId": "TBSNNHYwu1g",
      "thumbnail": "https://i.ytimg.com/vi/TBSNNHYwu1g/mqdefault.jpg",
      "publishedAt": "2023-01-10T09:23:42Z"
    },
    {
      "title": "Event Listeners Explained in Depth | The Complete JavaScript Course | Ep.61",
      "url": "https://www.youtube.com/watch?v=5mo0xQu4FOM",
      "videoId": "5mo0xQu4FOM",
      "thumbnail": "https://i.ytimg.com/vi/5mo0xQu4FOM/mqdefault.jpg",
      "publishedAt": "2023-01-11T10:04:02Z"
    },
    {
      "title": "Form Event and Event Object in JavaScript | The Complete JavaScript Course | Ep.62",
      "url": "https://www.youtube.com/watch?v=J5-yOKK--78",
      "videoId": "J5-yOKK--78",
      "thumbnail": "https://i.ytimg.com/vi/J5-yOKK--78/mqdefault.jpg",
      "publishedAt": "2023-01-12T11:14:40Z"
    },
    {
      "title": "Keyboard events in JavaScript | The Complete JavaScript Course | Ep.63",
      "url": "https://www.youtube.com/watch?v=crRttpPp_4o",
      "videoId": "crRttpPp_4o",
      "thumbnail": "https://i.ytimg.com/vi/crRttpPp_4o/mqdefault.jpg",
      "publishedAt": "2023-01-13T11:05:56Z"
    },
    {
      "title": "Mouse Events in JavaScript | The Complete JavaScript Course | Ep.64",
      "url": "https://www.youtube.com/watch?v=izxOuK_mhqw",
      "videoId": "izxOuK_mhqw",
      "thumbnail": "https://i.ytimg.com/vi/izxOuK_mhqw/mqdefault.jpg",
      "publishedAt": "2023-01-14T15:39:18Z"
    },
    {
      "title": "Event Bubbling and Event Capturing in JavaScript | The Complete JavaScript Course | Ep.65",
      "url": "https://www.youtube.com/watch?v=lfRgu5dLh8E",
      "videoId": "lfRgu5dLh8E",
      "thumbnail": "https://i.ytimg.com/vi/lfRgu5dLh8E/mqdefault.jpg",
      "publishedAt": "2023-01-15T14:25:36Z"
    },
    {
      "title": "Event Simulation in JavaScript | The Complete JavaScript Course | Ep.66",
      "url": "https://www.youtube.com/watch?v=uKupoqAtJBk",
      "videoId": "uKupoqAtJBk",
      "thumbnail": "https://i.ytimg.com/vi/uKupoqAtJBk/mqdefault.jpg",
      "publishedAt": "2023-01-16T14:31:22Z"
    },
    {
      "title": "Event Delegation in JavaScript | The Complete JavaScript Course | Ep.67",
      "url": "https://www.youtube.com/watch?v=-HUZBU0H1VA",
      "videoId": "-HUZBU0H1VA",
      "thumbnail": "https://i.ytimg.com/vi/-HUZBU0H1VA/mqdefault.jpg",
      "publishedAt": "2023-01-17T07:13:22Z"
    },
    {
      "title": "Your First JavaScript Project | Focus on Today | Part 1 | JavaScript Projects | Ep.01",
      "url": "https://www.youtube.com/watch?v=h7fam6ZtxkQ",
      "videoId": "h7fam6ZtxkQ",
      "thumbnail": "https://i.ytimg.com/vi/h7fam6ZtxkQ/mqdefault.jpg",
      "publishedAt": "2023-01-18T14:14:16Z"
    },
    {
      "title": "Local Storage Explained in Depth | The Complete JavaScript Course | Ep.68",
      "url": "https://www.youtube.com/watch?v=1ofttBIG5R8",
      "videoId": "1ofttBIG5R8",
      "thumbnail": "https://i.ytimg.com/vi/1ofttBIG5R8/mqdefault.jpg",
      "publishedAt": "2023-01-20T17:25:22Z"
    },
    {
      "title": "Your First JavaScript Project Completed | Part 2 | JavaScript Projects | Ep.02",
      "url": "https://www.youtube.com/watch?v=fEl3ENm__rg",
      "videoId": "fEl3ENm__rg",
      "thumbnail": "https://i.ytimg.com/vi/fEl3ENm__rg/mqdefault.jpg",
      "publishedAt": "2023-01-22T08:34:16Z"
    },
    {
      "title": "Foodie Hamburger Project | How to make Hamburger Menu? | JavaScript Projects | Ep.03",
      "url": "https://www.youtube.com/watch?v=15EByBNkB94",
      "videoId": "15EByBNkB94",
      "thumbnail": "https://i.ytimg.com/vi/15EByBNkB94/mqdefault.jpg",
      "publishedAt": "2023-01-23T17:08:09Z"
    },
    {
      "title": "How to Create Popup Using JavaScript in Hindi | JavaScript Projects | Ep.04",
      "url": "https://www.youtube.com/watch?v=aIzyEDi6zgU",
      "videoId": "aIzyEDi6zgU",
      "thumbnail": "https://i.ytimg.com/vi/aIzyEDi6zgU/mqdefault.jpg",
      "publishedAt": "2023-01-24T09:51:46Z"
    },
    {
      "title": "FREE Figma Design | Quiz App Challenge | JavaScript Projects | Ep.05",
      "url": "https://www.youtube.com/watch?v=TafydRcrhIM",
      "videoId": "TafydRcrhIM",
      "thumbnail": "https://i.ytimg.com/vi/TafydRcrhIM/mqdefault.jpg",
      "publishedAt": "2023-01-25T13:30:10Z"
    },
    {
      "title": "What is API? Talking to the Outside World Using JSON | The Complete JavaScript Course | Ep.69",
      "url": "https://www.youtube.com/watch?v=wfFoCI6mtvc",
      "videoId": "wfFoCI6mtvc",
      "thumbnail": "https://i.ytimg.com/vi/wfFoCI6mtvc/mqdefault.jpg",
      "publishedAt": "2023-01-28T10:13:41Z"
    },
    {
      "title": "What is XMLHttpRequest? | The Complete JavaScript Course | Ep.70",
      "url": "https://www.youtube.com/watch?v=BpXIFWGj9qE",
      "videoId": "BpXIFWGj9qE",
      "thumbnail": "https://i.ytimg.com/vi/BpXIFWGj9qE/mqdefault.jpg",
      "publishedAt": "2023-01-29T13:36:57Z"
    },
    {
      "title": "Synchronous vs Asynchronous Javascript | The Complete JavaScript Course | Ep.71",
      "url": "https://www.youtube.com/watch?v=7tqDQnK73LU",
      "videoId": "7tqDQnK73LU",
      "thumbnail": "https://i.ytimg.com/vi/7tqDQnK73LU/mqdefault.jpg",
      "publishedAt": "2023-01-31T13:22:18Z"
    },
    {
      "title": "Callback Hell in JavaScript | The Complete JavaScript Course | Ep.72",
      "url": "https://www.youtube.com/watch?v=qObQUq7x4WM",
      "videoId": "qObQUq7x4WM",
      "thumbnail": "https://i.ytimg.com/vi/qObQUq7x4WM/mqdefault.jpg",
      "publishedAt": "2023-02-01T12:34:07Z"
    },
    {
      "title": "Promises Explained in Depth | The Complete JavaScript Course | Ep.73",
      "url": "https://www.youtube.com/watch?v=RpxX1QIWlVs",
      "videoId": "RpxX1QIWlVs",
      "thumbnail": "https://i.ytimg.com/vi/RpxX1QIWlVs/mqdefault.jpg",
      "publishedAt": "2023-02-02T11:21:55Z"
    },
    {
      "title": "Let's Fix the Callback Hell using Promises | The Complete JavaScript Course | Ep.74",
      "url": "https://www.youtube.com/watch?v=T2k8JKO2vCc",
      "videoId": "T2k8JKO2vCc",
      "thumbnail": "https://i.ytimg.com/vi/T2k8JKO2vCc/mqdefault.jpg",
      "publishedAt": "2023-02-13T06:21:35Z"
    },
    {
      "title": "Introducing Fetch API | Better than XHR | The Complete JavaScript Course | Ep.75",
      "url": "https://www.youtube.com/watch?v=CNwb02vgsmc",
      "videoId": "CNwb02vgsmc",
      "thumbnail": "https://i.ytimg.com/vi/CNwb02vgsmc/mqdefault.jpg",
      "publishedAt": "2023-02-04T16:32:41Z"
    },
    {
      "title": "Async Await Explained Like Never Before | The Complete JavaScript Course | Ep.76",
      "url": "https://www.youtube.com/watch?v=qHKGk-RPtpA",
      "videoId": "qHKGk-RPtpA",
      "thumbnail": "https://i.ytimg.com/vi/qHKGk-RPtpA/mqdefault.jpg",
      "publishedAt": "2023-02-05T14:06:14Z"
    },
    {
      "title": "Try and Catch Block in JavaScript | The Complete JavaScript Course | Ep.77",
      "url": "https://www.youtube.com/watch?v=9EwPju2KZTo",
      "videoId": "9EwPju2KZTo",
      "thumbnail": "https://i.ytimg.com/vi/9EwPju2KZTo/mqdefault.jpg",
      "publishedAt": "2023-02-06T15:49:17Z"
    },
    {
      "title": "Optional Chaining in JavaScript | The Complete JavaScript Course | Ep.78",
      "url": "https://www.youtube.com/watch?v=JNOmHVrSnwo",
      "videoId": "JNOmHVrSnwo",
      "thumbnail": "https://i.ytimg.com/vi/JNOmHVrSnwo/mqdefault.jpg",
      "publishedAt": "2023-03-03T16:07:56Z"
    },
    {
      "title": "Import and Export in JavaScript | ES6 Modules | The Complete JavaScript Course | Ep.79",
      "url": "https://www.youtube.com/watch?v=58_rdS5EVxU",
      "videoId": "58_rdS5EVxU",
      "thumbnail": "https://i.ytimg.com/vi/58_rdS5EVxU/mqdefault.jpg",
      "publishedAt": "2023-02-09T08:35:13Z"
    },
    {
      "title": "Frontend Mentor REST Countries API Project | Part - 1 | JavaScript Projects | Ep.06",
      "url": "https://www.youtube.com/watch?v=QFeD8WuUSrc",
      "videoId": "QFeD8WuUSrc",
      "thumbnail": "https://i.ytimg.com/vi/QFeD8WuUSrc/mqdefault.jpg",
      "publishedAt": "2023-02-12T10:59:28Z"
    },
    {
      "title": "[COMPLETED] Frontend Mentor REST Countries API Project | Part - 2 | JavaScript Projects | Ep.07",
      "url": "https://www.youtube.com/watch?v=Yf3wXOBu7YM",
      "videoId": "Yf3wXOBu7YM",
      "thumbnail": "https://i.ytimg.com/vi/Yf3wXOBu7YM/mqdefault.jpg",
      "publishedAt": "2023-02-14T12:35:29Z"
    },
    {
      "title": "OOPs (Encapsulation & Abstraction) and Factory Functions | The Complete JavaScript Course | Ep.80",
      "url": "https://www.youtube.com/watch?v=FH_6ww5b52k",
      "videoId": "FH_6ww5b52k",
      "thumbnail": "https://i.ytimg.com/vi/FH_6ww5b52k/mqdefault.jpg",
      "publishedAt": "2023-02-16T10:47:24Z"
    },
    {
      "title": "Constructor Function and new Keyword | The Complete JavaScript Course | Ep.81",
      "url": "https://www.youtube.com/watch?v=amCWD7bKkw0",
      "videoId": "amCWD7bKkw0",
      "thumbnail": "https://i.ytimg.com/vi/amCWD7bKkw0/mqdefault.jpg",
      "publishedAt": "2023-02-17T11:36:12Z"
    },
    {
      "title": "Classes in JavaScript Explained in Depth | The Complete JavaScript Course | Ep.82",
      "url": "https://www.youtube.com/watch?v=Xgto1B3KxJA",
      "videoId": "Xgto1B3KxJA",
      "thumbnail": "https://i.ytimg.com/vi/Xgto1B3KxJA/mqdefault.jpg",
      "publishedAt": "2023-02-18T16:08:50Z"
    },
    {
      "title": "Private and Public Fields in Class | The Complete JavaScript Course | Ep.83",
      "url": "https://www.youtube.com/watch?v=Mu1m4ssFFmE",
      "videoId": "Mu1m4ssFFmE",
      "thumbnail": "https://i.ytimg.com/vi/Mu1m4ssFFmE/mqdefault.jpg",
      "publishedAt": "2023-02-19T13:07:52Z"
    },
    {
      "title": "Static Properties And Methods on Classes | The Complete JavaScript Course | Ep.84",
      "url": "https://www.youtube.com/watch?v=vtEKnyU379Q",
      "videoId": "vtEKnyU379Q",
      "thumbnail": "https://i.ytimg.com/vi/vtEKnyU379Q/mqdefault.jpg",
      "publishedAt": "2023-02-20T10:36:10Z"
    },
    {
      "title": "Getters and Setters in JavaScript | The Complete JavaScript Course | Ep.85",
      "url": "https://www.youtube.com/watch?v=IhGRluP0UDQ",
      "videoId": "IhGRluP0UDQ",
      "thumbnail": "https://i.ytimg.com/vi/IhGRluP0UDQ/mqdefault.jpg",
      "publishedAt": "2023-02-21T10:02:09Z"
    },
    {
      "title": "Prototypal Inheritance | Extends and Super Keyword in JS | The Complete JavaScript Course | Ep.86",
      "url": "https://www.youtube.com/watch?v=xUlikVTAxrM",
      "videoId": "xUlikVTAxrM",
      "thumbnail": "https://i.ytimg.com/vi/xUlikVTAxrM/mqdefault.jpg",
      "publishedAt": "2023-02-22T10:08:21Z"
    },
    {
      "title": "Demystifying THIS Keyword in JavaScript | The Complete JavaScript Course | Ep.87",
      "url": "https://www.youtube.com/watch?v=GP4PQrATtR0",
      "videoId": "GP4PQrATtR0",
      "thumbnail": "https://i.ytimg.com/vi/GP4PQrATtR0/mqdefault.jpg",
      "publishedAt": "2023-02-22T10:33:20Z"
    },
    {
      "title": "Mastering JavaScript Dates: Part 1 - Understanding Time Zones, UTC, GMT, ISO, Unix Time, and Epoch",
      "url": "https://www.youtube.com/watch?v=m5KnQQ-VXmQ",
      "videoId": "m5KnQQ-VXmQ",
      "thumbnail": "https://i.ytimg.com/vi/m5KnQQ-VXmQ/mqdefault.jpg",
      "publishedAt": "2024-03-14T14:11:07Z"
    },
    {
      "title": "Mastering JavaScript Dates: Part 2 - Understanding Set Methods with Project",
      "url": "https://www.youtube.com/watch?v=EvmMT1DlcaI",
      "videoId": "EvmMT1DlcaI",
      "thumbnail": "https://i.ytimg.com/vi/EvmMT1DlcaI/mqdefault.jpg",
      "publishedAt": "2024-03-30T11:12:50Z"
    },
    {
      "title": "Congratulations🎉 We have Successfully Completed JavaScript | The Complete JavaScript Course",
      "url": "https://www.youtube.com/watch?v=hehJfYBwjNA",
      "videoId": "hehJfYBwjNA",
      "thumbnail": "https://i.ytimg.com/vi/hehJfYBwjNA/mqdefault.jpg",
      "publishedAt": "2023-02-24T10:16:33Z"
    },
    {
      "title": "An Introduction to Terminal and CLI | Git and GitHub Fundamentals | Ep.01",
      "url": "https://www.youtube.com/watch?v=3WQu7iWHAhI",
      "videoId": "3WQu7iWHAhI",
      "thumbnail": "https://i.ytimg.com/vi/3WQu7iWHAhI/mqdefault.jpg",
      "publishedAt": "2023-02-25T14:30:07Z"
    },
    {
      "title": "Git and Version Control | Git and GitHub Fundamentals | Hindi | Ep.02",
      "url": "https://www.youtube.com/watch?v=LdeNFQMI42o",
      "videoId": "LdeNFQMI42o",
      "thumbnail": "https://i.ytimg.com/vi/LdeNFQMI42o/mqdefault.jpg",
      "publishedAt": "2023-02-27T12:56:31Z"
    },
    {
      "title": "Best VS Code Extensions to Supercharge Your Git Workflow | Git and GitHub Fundamentals | Ep.03",
      "url": "https://www.youtube.com/watch?v=BjjZfx5Wq-U",
      "videoId": "BjjZfx5Wq-U",
      "thumbnail": "https://i.ytimg.com/vi/BjjZfx5Wq-U/mqdefault.jpg",
      "publishedAt": "2023-02-28T11:34:46Z"
    },
    {
      "title": "How to Create & Merge Branches? | Git and GitHub Fundamentals | Ep.04",
      "url": "https://www.youtube.com/watch?v=UlckC6wLudI",
      "videoId": "UlckC6wLudI",
      "thumbnail": "https://i.ytimg.com/vi/UlckC6wLudI/mqdefault.jpg",
      "publishedAt": "2023-03-01T10:28:36Z"
    },
    {
      "title": "Complete GitHub Tutorial in One Video | Git and GitHub Fundamentals | Ep.05",
      "url": "https://www.youtube.com/watch?v=5aslveqHw-4",
      "videoId": "5aslveqHw-4",
      "thumbnail": "https://i.ytimg.com/vi/5aslveqHw-4/mqdefault.jpg",
      "publishedAt": "2023-03-03T15:22:50Z"
    },
    {
      "title": "Revert and Reset Commits Like a Pro | Git and GitHub Fundamentals | Ep.06",
      "url": "https://www.youtube.com/watch?v=qF8CHHnWqXE",
      "videoId": "qF8CHHnWqXE",
      "thumbnail": "https://i.ytimg.com/vi/qF8CHHnWqXE/mqdefault.jpg",
      "publishedAt": "2023-03-05T05:27:04Z"
    },
    {
      "title": "How to Resolve Conflict in Git? | Git and GitHub Fundamentals | Ep.07",
      "url": "https://www.youtube.com/watch?v=8J0aZCwqqwU",
      "videoId": "8J0aZCwqqwU",
      "thumbnail": "https://i.ytimg.com/vi/8J0aZCwqqwU/mqdefault.jpg",
      "publishedAt": "2023-03-06T12:30:51Z"
    },
    {
      "title": "What is Stashing in Git? | Git and GitHub Fundamentals | Ep.08",
      "url": "https://www.youtube.com/watch?v=0WUyhzqGjKU",
      "videoId": "0WUyhzqGjKU",
      "thumbnail": "https://i.ytimg.com/vi/0WUyhzqGjKU/mqdefault.jpg",
      "publishedAt": "2023-03-07T05:26:07Z"
    },
    {
      "title": "How to Cherry Pick a Commit in Git? | Git and GitHub Fundamentals | Ep.09",
      "url": "https://www.youtube.com/watch?v=XmrpeP_s7p8",
      "videoId": "XmrpeP_s7p8",
      "thumbnail": "https://i.ytimg.com/vi/XmrpeP_s7p8/mqdefault.jpg",
      "publishedAt": "2023-03-08T10:28:29Z"
    },
    {
      "title": "What is .gitignore file? | Git and GitHub Fundamentals | Ep.10",
      "url": "https://www.youtube.com/watch?v=npI6t1uZt_o",
      "videoId": "npI6t1uZt_o",
      "thumbnail": "https://i.ytimg.com/vi/npI6t1uZt_o/mqdefault.jpg",
      "publishedAt": "2023-03-09T07:03:22Z"
    },
    {
      "title": "Pull Requests in Git | Git and GitHub Fundamentals | Ep.11",
      "url": "https://www.youtube.com/watch?v=1akLzbfK0XU",
      "videoId": "1akLzbfK0XU",
      "thumbnail": "https://i.ytimg.com/vi/1akLzbfK0XU/mqdefault.jpg",
      "publishedAt": "2023-03-10T08:22:17Z"
    },
    {
      "title": "What is Open Source? How to Contribute to Open Source? | Git and GitHub Fundamentals | Ep.12",
      "url": "https://www.youtube.com/watch?v=D2Exr7rm2tI",
      "videoId": "D2Exr7rm2tI",
      "thumbnail": "https://i.ytimg.com/vi/D2Exr7rm2tI/mqdefault.jpg",
      "publishedAt": "2023-03-11T10:55:51Z"
    },
    {
      "title": "Some Useful Tips for Git | Git and GitHub Fundamentals | Ep.13",
      "url": "https://www.youtube.com/watch?v=puOzngZUc8I",
      "videoId": "puOzngZUc8I",
      "thumbnail": "https://i.ytimg.com/vi/puOzngZUc8I/mqdefault.jpg",
      "publishedAt": "2023-03-12T05:55:38Z"
    },
    {
      "title": "NPM Crash Course | Zero to Advanced | Hindi",
      "url": "https://www.youtube.com/watch?v=VnIUmD8Nj68",
      "videoId": "VnIUmD8Nj68",
      "thumbnail": "https://i.ytimg.com/vi/VnIUmD8Nj68/mqdefault.jpg",
      "publishedAt": "2023-03-14T09:44:49Z"
    },
    {
      "title": "Getting Started with Tailwind CSS | Tailwind CSS Complete Course in Hindi | Ep.01",
      "url": "https://www.youtube.com/watch?v=KX6R9hQ6LvI",
      "videoId": "KX6R9hQ6LvI",
      "thumbnail": "https://i.ytimg.com/vi/KX6R9hQ6LvI/mqdefault.jpg",
      "publishedAt": "2023-03-15T07:36:46Z"
    },
    {
      "title": "The Shoe Company l Tailwind CSS Responsive Project | Tailwind CSS Complete Course | Hindi | Ep.02",
      "url": "https://www.youtube.com/watch?v=U_WJMlKuMf4",
      "videoId": "U_WJMlKuMf4",
      "thumbnail": "https://i.ytimg.com/vi/U_WJMlKuMf4/mqdefault.jpg",
      "publishedAt": "2023-03-18T14:45:45Z"
    },
    {
      "title": "Dynamic Styling using Tailwind | Tailwind CSS Complete Course | Hindi | Ep.03",
      "url": "https://www.youtube.com/watch?v=GocAESuWs3M",
      "videoId": "GocAESuWs3M",
      "thumbnail": "https://i.ytimg.com/vi/GocAESuWs3M/mqdefault.jpg",
      "publishedAt": "2023-03-20T05:50:35Z"
    },
    {
      "title": "Automatically Sort Tailwind  Class with Prettier  | Tailwind CSS Complete Course | Hindi | Ep.04",
      "url": "https://www.youtube.com/watch?v=NHQ4WpiyY6E",
      "videoId": "NHQ4WpiyY6E",
      "thumbnail": "https://i.ytimg.com/vi/NHQ4WpiyY6E/mqdefault.jpg",
      "publishedAt": "2023-03-21T07:45:36Z"
    },
    {
      "title": "Carousel Using SwiperJS and Tailwind | Tailwind CSS Complete Course | Hindi | Ep.05",
      "url": "https://www.youtube.com/watch?v=zb7gDMGrhdY",
      "videoId": "zb7gDMGrhdY",
      "thumbnail": "https://i.ytimg.com/vi/zb7gDMGrhdY/mqdefault.jpg",
      "publishedAt": "2023-03-22T08:07:40Z"
    },
    {
      "title": "The Complete React Course | Trailer | Zero to Advanced",
      "url": "https://www.youtube.com/watch?v=_rTCzxg6VmM",
      "videoId": "_rTCzxg6VmM",
      "thumbnail": "https://i.ytimg.com/vi/_rTCzxg6VmM/mqdefault.jpg",
      "publishedAt": "2023-03-22T14:37:02Z"
    },
    {
      "title": "Why do we need React? | The Complete React Course | Ep.01",
      "url": "https://www.youtube.com/watch?v=EsdfHKhiK-g",
      "videoId": "EsdfHKhiK-g",
      "thumbnail": "https://i.ytimg.com/vi/EsdfHKhiK-g/mqdefault.jpg",
      "publishedAt": "2023-03-24T07:55:32Z"
    },
    {
      "title": "How Much JavaScript do We Need for React? | The Complete React Course | Ep.02",
      "url": "https://www.youtube.com/watch?v=bRc63wrDaUg",
      "videoId": "bRc63wrDaUg",
      "thumbnail": "https://i.ytimg.com/vi/bRc63wrDaUg/mqdefault.jpg",
      "publishedAt": "2023-03-25T12:31:14Z"
    },
    {
      "title": "What is React Element? | The Complete React Course | Ep.03",
      "url": "https://www.youtube.com/watch?v=k-jHi0USEQM",
      "videoId": "k-jHi0USEQM",
      "thumbnail": "https://i.ytimg.com/vi/k-jHi0USEQM/mqdefault.jpg",
      "publishedAt": "2023-03-26T11:47:02Z"
    },
    {
      "title": "What is JSX? | Transform JSX with Babel | The Complete React Course | Ep.04",
      "url": "https://www.youtube.com/watch?v=_ze46JgZpd4",
      "videoId": "_ze46JgZpd4",
      "thumbnail": "https://i.ytimg.com/vi/_ze46JgZpd4/mqdefault.jpg",
      "publishedAt": "2023-03-27T13:11:14Z"
    },
    {
      "title": "How Source Maps Can Save You Time in React Development | The Complete React Course | Ep.05",
      "url": "https://www.youtube.com/watch?v=DOu5CJzo8rY",
      "videoId": "DOu5CJzo8rY",
      "thumbnail": "https://i.ytimg.com/vi/DOu5CJzo8rY/mqdefault.jpg",
      "publishedAt": "2023-03-28T09:55:37Z"
    },
    {
      "title": "ReactJS vs NextJS: Which One Should You Learn First? | The Complete React Course | Ep.06",
      "url": "https://www.youtube.com/watch?v=h_TGiSZnwz8",
      "videoId": "h_TGiSZnwz8",
      "thumbnail": "https://i.ytimg.com/vi/h_TGiSZnwz8/mqdefault.jpg",
      "publishedAt": "2023-03-29T08:58:55Z"
    },
    {
      "title": "Why Should You Learn React With Parcel? | The Complete React Course | Ep.07",
      "url": "https://www.youtube.com/watch?v=3Yah9eBZwM0",
      "videoId": "3Yah9eBZwM0",
      "thumbnail": "https://i.ytimg.com/vi/3Yah9eBZwM0/mqdefault.jpg",
      "publishedAt": "2023-03-30T15:36:49Z"
    },
    {
      "title": "Render Multiple Elements in React | The Complete React Course | Ep.08",
      "url": "https://www.youtube.com/watch?v=Ps_6LcVhERs",
      "videoId": "Ps_6LcVhERs",
      "thumbnail": "https://i.ytimg.com/vi/Ps_6LcVhERs/mqdefault.jpg",
      "publishedAt": "2023-03-31T13:02:19Z"
    },
    {
      "title": "Introduction to React Component | The Complete React Course | Ep.09",
      "url": "https://www.youtube.com/watch?v=TUsVCNr7HnY",
      "videoId": "TUsVCNr7HnY",
      "thumbnail": "https://i.ytimg.com/vi/TUsVCNr7HnY/mqdefault.jpg",
      "publishedAt": "2023-04-03T12:12:38Z"
    },
    {
      "title": "How to Use Images in React? | The Complete React Course | Ep.10",
      "url": "https://www.youtube.com/watch?v=P98-YCZ7h2k",
      "videoId": "P98-YCZ7h2k",
      "thumbnail": "https://i.ytimg.com/vi/P98-YCZ7h2k/mqdefault.jpg",
      "publishedAt": "2023-04-04T07:42:39Z"
    },
    {
      "title": "Event Handling in ReactJS | The Complete React Course | Ep.11",
      "url": "https://www.youtube.com/watch?v=Yj2UB6NcMiw",
      "videoId": "Yj2UB6NcMiw",
      "thumbnail": "https://i.ytimg.com/vi/Yj2UB6NcMiw/mqdefault.jpg",
      "publishedAt": "2023-04-05T10:33:21Z"
    },
    {
      "title": "How State Works in React – Explained in Depth | The Complete React Course | Ep.12",
      "url": "https://www.youtube.com/watch?v=iKWeMeeZdio",
      "videoId": "iKWeMeeZdio",
      "thumbnail": "https://i.ytimg.com/vi/iKWeMeeZdio/mqdefault.jpg",
      "publishedAt": "2023-04-06T12:26:11Z"
    },
    {
      "title": "How useState Works Behind the Scenes in React | The Complete React Course | Ep.13",
      "url": "https://www.youtube.com/watch?v=FhBQsUZOc8c",
      "videoId": "FhBQsUZOc8c",
      "thumbnail": "https://i.ytimg.com/vi/FhBQsUZOc8c/mqdefault.jpg",
      "publishedAt": "2023-04-07T14:35:05Z"
    },
    {
      "title": "State Vs Props in React | When to use what? | The Complete React Course | Ep.14",
      "url": "https://www.youtube.com/watch?v=R5KmPOYxpss",
      "videoId": "R5KmPOYxpss",
      "thumbnail": "https://i.ytimg.com/vi/R5KmPOYxpss/mqdefault.jpg",
      "publishedAt": "2023-04-08T14:13:45Z"
    },
    {
      "title": "What are React Fragments? | Hindi | The Complete React Course | Ep.15",
      "url": "https://www.youtube.com/watch?v=6IU7VCVyy-M",
      "videoId": "6IU7VCVyy-M",
      "thumbnail": "https://i.ytimg.com/vi/6IU7VCVyy-M/mqdefault.jpg",
      "publishedAt": "2023-04-10T11:21:53Z"
    },
    {
      "title": "What is Children Prop in React? | The Complete React Course | Ep.16",
      "url": "https://www.youtube.com/watch?v=mo6EC4Q91ZY",
      "videoId": "mo6EC4Q91ZY",
      "thumbnail": "https://i.ytimg.com/vi/mo6EC4Q91ZY/mqdefault.jpg",
      "publishedAt": "2023-04-26T15:30:51Z"
    },
    {
      "title": "Conditional Rendering in React | Explained with Examples | The Complete React Course | Ep.17",
      "url": "https://www.youtube.com/watch?v=taSooNO2S4c",
      "videoId": "taSooNO2S4c",
      "thumbnail": "https://i.ytimg.com/vi/taSooNO2S4c/mqdefault.jpg",
      "publishedAt": "2023-04-12T06:52:12Z"
    },
    {
      "title": "How to Scope CSS to a Component in React? | CSS Modules in React | The Complete React Course | Ep.18",
      "url": "https://www.youtube.com/watch?v=YjB5LaJTR5c",
      "videoId": "YjB5LaJTR5c",
      "thumbnail": "https://i.ytimg.com/vi/YjB5LaJTR5c/mqdefault.jpg",
      "publishedAt": "2023-04-14T14:23:55Z"
    },
    {
      "title": "Hands-On React Using Real World Projects | Frontend Mentor | The Complete React Course | Ep.19",
      "url": "https://www.youtube.com/watch?v=tlHyG8fAEHs",
      "videoId": "tlHyG8fAEHs",
      "thumbnail": "https://i.ytimg.com/vi/tlHyG8fAEHs/mqdefault.jpg",
      "publishedAt": "2023-04-17T10:05:27Z"
    },
    {
      "title": "Implement Search Functionality in React | The Complete React Course | Ep.20",
      "url": "https://www.youtube.com/watch?v=SP9T988eaWM",
      "videoId": "SP9T988eaWM",
      "thumbnail": "https://i.ytimg.com/vi/SP9T988eaWM/mqdefault.jpg",
      "publishedAt": "2023-04-18T11:19:04Z"
    },
    {
      "title": "useEffect Hook in React | Hindi | The Complete React Course | Ep.21",
      "url": "https://www.youtube.com/watch?v=6s-YLyidW8U",
      "videoId": "6s-YLyidW8U",
      "thumbnail": "https://i.ytimg.com/vi/6s-YLyidW8U/mqdefault.jpg",
      "publishedAt": "2023-04-20T13:10:06Z"
    },
    {
      "title": "React Router v6 in Hindi | Routing in React | The Complete React Course | Ep.22",
      "url": "https://www.youtube.com/watch?v=eXYnWED_1dI",
      "videoId": "eXYnWED_1dI",
      "thumbnail": "https://i.ytimg.com/vi/eXYnWED_1dI/mqdefault.jpg",
      "publishedAt": "2023-04-23T12:57:51Z"
    },
    {
      "title": "Dynamic Routing in React | The Complete React Course | Ep.23",
      "url": "https://www.youtube.com/watch?v=jMbAk9btszU",
      "videoId": "jMbAk9btszU",
      "thumbnail": "https://i.ytimg.com/vi/jMbAk9btszU/mqdefault.jpg",
      "publishedAt": "2023-04-25T11:28:29Z"
    },
    {
      "title": "Handle Multiple Fetch Requests | Promise.all( ) in React | The Complete React Course | Ep.24",
      "url": "https://www.youtube.com/watch?v=qqybka4RSJ0",
      "videoId": "qqybka4RSJ0",
      "thumbnail": "https://i.ytimg.com/vi/qqybka4RSJ0/mqdefault.jpg",
      "publishedAt": "2023-04-26T10:09:00Z"
    },
    {
      "title": "Shimmer Effect in React | Skeleton Loading | The Complete React Course | Ep.25",
      "url": "https://www.youtube.com/watch?v=FEtTRjq1P6I",
      "videoId": "FEtTRjq1P6I",
      "thumbnail": "https://i.ytimg.com/vi/FEtTRjq1P6I/mqdefault.jpg",
      "publishedAt": "2023-04-27T11:21:21Z"
    },
    {
      "title": "Pass Data from One Page to Another in React | The Complete React Course | Ep.26",
      "url": "https://www.youtube.com/watch?v=5m64-0vnLYU",
      "videoId": "5m64-0vnLYU",
      "thumbnail": "https://i.ytimg.com/vi/5m64-0vnLYU/mqdefault.jpg",
      "publishedAt": "2023-04-29T15:38:20Z"
    },
    {
      "title": "Dark Mode in React | The Complete React Course | Ep.27",
      "url": "https://www.youtube.com/watch?v=nffHTpPeSoY",
      "videoId": "nffHTpPeSoY",
      "thumbnail": "https://i.ytimg.com/vi/nffHTpPeSoY/mqdefault.jpg",
      "publishedAt": "2023-05-03T12:46:07Z"
    },
    {
      "title": "How to Work with the React Context API? | The Complete React Course | Ep.28",
      "url": "https://www.youtube.com/watch?v=oANamKAxvmw",
      "videoId": "oANamKAxvmw",
      "thumbnail": "https://i.ytimg.com/vi/oANamKAxvmw/mqdefault.jpg",
      "publishedAt": "2023-05-04T12:28:22Z"
    },
    {
      "title": "How to Create Custom Hooks in React ? | The Complete React Course | Ep.29",
      "url": "https://www.youtube.com/watch?v=WYNB0GTdB3U",
      "videoId": "WYNB0GTdB3U",
      "thumbnail": "https://i.ytimg.com/vi/WYNB0GTdB3U/mqdefault.jpg",
      "publishedAt": "2023-05-06T14:50:24Z"
    },
    {
      "title": "REST Countries API Project Completed | Frontend Mentor | The Complete React Course | Ep.30",
      "url": "https://www.youtube.com/watch?v=8N-FOwUAxEE",
      "videoId": "8N-FOwUAxEE",
      "thumbnail": "https://i.ytimg.com/vi/8N-FOwUAxEE/mqdefault.jpg",
      "publishedAt": "2023-05-08T12:32:57Z"
    },
    {
      "title": "How to Deploy a React JS App? | Hindi | The Complete React Course | Ep.31",
      "url": "https://www.youtube.com/watch?v=1Anti-9NU5I",
      "videoId": "1Anti-9NU5I",
      "thumbnail": "https://i.ytimg.com/vi/1Anti-9NU5I/mqdefault.jpg",
      "publishedAt": "2023-05-09T10:32:51Z"
    },
    {
      "title": "How To Work With Forms in React | Basics of Form Handling | The Complete React Course | Ep.32",
      "url": "https://www.youtube.com/watch?v=OWi1TwVDGR8",
      "videoId": "OWi1TwVDGR8",
      "thumbnail": "https://i.ytimg.com/vi/OWi1TwVDGR8/mqdefault.jpg",
      "publishedAt": "2023-05-14T15:26:47Z"
    },
    {
      "title": "Unidirectional Data Flow in React | Controlled Components | The Complete React Course | Ep.33",
      "url": "https://www.youtube.com/watch?v=4gHnFthACk8",
      "videoId": "4gHnFthACk8",
      "thumbnail": "https://i.ytimg.com/vi/4gHnFthACk8/mqdefault.jpg",
      "publishedAt": "2023-05-15T11:19:46Z"
    },
    {
      "title": "useRef Hook Explained in Hindi | The Complete React Course | Ep.34",
      "url": "https://www.youtube.com/watch?v=PiHMQWiqUpU",
      "videoId": "PiHMQWiqUpU",
      "thumbnail": "https://i.ytimg.com/vi/PiHMQWiqUpU/mqdefault.jpg",
      "publishedAt": "2023-05-16T11:04:11Z"
    },
    {
      "title": "Form Validation in React | Explained in Hindi | The Complete React Course | Ep.35",
      "url": "https://www.youtube.com/watch?v=qsCW7pRZylk",
      "videoId": "qsCW7pRZylk",
      "thumbnail": "https://i.ytimg.com/vi/qsCW7pRZylk/mqdefault.jpg",
      "publishedAt": "2023-05-17T16:12:35Z"
    },
    {
      "title": "Create Custom Form Fields in React | Advanced Form Validation | The Complete React Course | Ep.36",
      "url": "https://www.youtube.com/watch?v=w2ebVv_Rp7M",
      "videoId": "w2ebVv_Rp7M",
      "thumbnail": "https://i.ytimg.com/vi/w2ebVv_Rp7M/mqdefault.jpg",
      "publishedAt": "2023-05-18T11:09:37Z"
    },
    {
      "title": "Filter Data Using Custom Hooks | The Complete React Course | Ep.37",
      "url": "https://www.youtube.com/watch?v=QaYWYJ9OuQE",
      "videoId": "QaYWYJ9OuQE",
      "thumbnail": "https://i.ytimg.com/vi/QaYWYJ9OuQE/mqdefault.jpg",
      "publishedAt": "2023-05-19T06:26:09Z"
    },
    {
      "title": "Create Custom Context Menu in React | The Complete React Course | Ep.38",
      "url": "https://www.youtube.com/watch?v=oBwE5XTry1k",
      "videoId": "oBwE5XTry1k",
      "thumbnail": "https://i.ytimg.com/vi/oBwE5XTry1k/mqdefault.jpg",
      "publishedAt": "2023-05-21T10:52:05Z"
    },
    {
      "title": "Edit Functionality in React | The Complete React Course | Ep.39",
      "url": "https://www.youtube.com/watch?v=heNvLg2B7mQ",
      "videoId": "heNvLg2B7mQ",
      "thumbnail": "https://i.ytimg.com/vi/heNvLg2B7mQ/mqdefault.jpg",
      "publishedAt": "2023-05-25T12:49:53Z"
    },
    {
      "title": "Sorting in React | Ascending/Descending and Alphabetically | The Complete React Course | Ep.40",
      "url": "https://www.youtube.com/watch?v=Y2VX9aL9N8M",
      "videoId": "Y2VX9aL9N8M",
      "thumbnail": "https://i.ytimg.com/vi/Y2VX9aL9N8M/mqdefault.jpg",
      "publishedAt": "2023-05-26T09:39:51Z"
    },
    {
      "title": "LocalStorage in React Using Custom Hook | The Complete React Course | Ep.41",
      "url": "https://www.youtube.com/watch?v=5uHikv1oBEI",
      "videoId": "5uHikv1oBEI",
      "thumbnail": "https://i.ytimg.com/vi/5uHikv1oBEI/mqdefault.jpg",
      "publishedAt": "2023-05-28T04:46:57Z"
    },
    {
      "title": "React Developer Tools | Components & Profiler | The Complete React Course | Ep.42",
      "url": "https://www.youtube.com/watch?v=x21hfU-Lm-U",
      "videoId": "x21hfU-Lm-U",
      "thumbnail": "https://i.ytimg.com/vi/x21hfU-Lm-U/mqdefault.jpg",
      "publishedAt": "2023-05-31T09:50:49Z"
    },
    {
      "title": "How to Use TailwindCSS with React | The Complete React Course | Ep.43",
      "url": "https://www.youtube.com/watch?v=21E9M0NhqUA",
      "videoId": "21E9M0NhqUA",
      "thumbnail": "https://i.ytimg.com/vi/21E9M0NhqUA/mqdefault.jpg",
      "publishedAt": "2023-06-01T12:22:47Z"
    },
    {
      "title": "NavLink in React | The Complete React Course | Ep.44",
      "url": "https://www.youtube.com/watch?v=2RvXYLrKuFA",
      "videoId": "2RvXYLrKuFA",
      "thumbnail": "https://i.ytimg.com/vi/2RvXYLrKuFA/mqdefault.jpg",
      "publishedAt": "2023-06-02T12:25:40Z"
    },
    {
      "title": "Create Pop-up Using React Portal | The Complete React Course | Ep.45",
      "url": "https://www.youtube.com/watch?v=aIzNpTE3Or0",
      "videoId": "aIzNpTE3Or0",
      "thumbnail": "https://i.ytimg.com/vi/aIzNpTE3Or0/mqdefault.jpg",
      "publishedAt": "2023-06-06T12:33:58Z"
    },
    {
      "title": "Code Splitting and Lazy Loading in React | React.lazy & Suspense | The Complete React Course | Ep.46",
      "url": "https://www.youtube.com/watch?v=fzLTHk4wr6E",
      "videoId": "fzLTHk4wr6E",
      "thumbnail": "https://i.ytimg.com/vi/fzLTHk4wr6E/mqdefault.jpg",
      "publishedAt": "2023-06-07T11:58:47Z"
    },
    {
      "title": "Class Components in React | The Complete React Course | Ep.47",
      "url": "https://www.youtube.com/watch?v=gKs1J6RIGpg",
      "videoId": "gKs1J6RIGpg",
      "thumbnail": "https://i.ytimg.com/vi/gKs1J6RIGpg/mqdefault.jpg",
      "publishedAt": "2023-06-09T06:50:38Z"
    },
    {
      "title": "Lifecycle Methods in React | The Complete React Course | Ep.48",
      "url": "https://www.youtube.com/watch?v=qC4CJ3hBvWE",
      "videoId": "qC4CJ3hBvWE",
      "thumbnail": "https://i.ytimg.com/vi/qC4CJ3hBvWE/mqdefault.jpg",
      "publishedAt": "2023-06-10T10:47:59Z"
    },
    {
      "title": "Binding of \"this\" Keyword in Event Handlers | The Complete React Course | Ep.49",
      "url": "https://www.youtube.com/watch?v=pbiTm0vSa6k",
      "videoId": "pbiTm0vSa6k",
      "thumbnail": "https://i.ytimg.com/vi/pbiTm0vSa6k/mqdefault.jpg",
      "publishedAt": "2023-06-12T12:45:08Z"
    },
    {
      "title": "Higher-Order Components In React | The Complete React Course | Ep.50",
      "url": "https://www.youtube.com/watch?v=rl88xVwMFwE",
      "videoId": "rl88xVwMFwE",
      "thumbnail": "https://i.ytimg.com/vi/rl88xVwMFwE/mqdefault.jpg",
      "publishedAt": "2023-06-13T14:04:28Z"
    },
    {
      "title": "Build your own React.js Library | The Complete React Course | Ep.51",
      "url": "https://www.youtube.com/watch?v=yYDWtNu0kmw",
      "videoId": "yYDWtNu0kmw",
      "thumbnail": "https://i.ytimg.com/vi/yYDWtNu0kmw/mqdefault.jpg",
      "publishedAt": "2023-06-22T09:45:41Z"
    },
    {
      "title": "Recreating useState Hook | The Complete React Course | Ep.52",
      "url": "https://www.youtube.com/watch?v=LSD_d4_4bQE",
      "videoId": "LSD_d4_4bQE",
      "thumbnail": "https://i.ytimg.com/vi/LSD_d4_4bQE/mqdefault.jpg",
      "publishedAt": "2023-06-26T08:25:32Z"
    },
    {
      "title": "Virtual DOM, Reconciliation and Diffing Algorithm in React | The Complete React Course | Ep.53",
      "url": "https://www.youtube.com/watch?v=jiziEC8dPSE",
      "videoId": "jiziEC8dPSE",
      "thumbnail": "https://i.ytimg.com/vi/jiziEC8dPSE/mqdefault.jpg",
      "publishedAt": "2023-06-28T08:38:27Z"
    },
    {
      "title": "Congratulations🎉 We have Successfully Completed React | The Complete React Course",
      "url": "https://www.youtube.com/watch?v=eat4R5_o7Eo",
      "videoId": "eat4R5_o7Eo",
      "thumbnail": "https://i.ytimg.com/vi/eat4R5_o7Eo/mqdefault.jpg",
      "publishedAt": "2023-06-29T13:33:42Z"
    },
    {
      "title": "Redux Fundamentals in Hindi | The Complete Redux Course | Ep.01",
      "url": "https://www.youtube.com/watch?v=Bi2A180vAVQ",
      "videoId": "Bi2A180vAVQ",
      "thumbnail": "https://i.ytimg.com/vi/Bi2A180vAVQ/mqdefault.jpg",
      "publishedAt": "2023-10-10T15:01:35Z"
    },
    {
      "title": "Redux Developer Tools | The Complete Redux Course | Ep.02",
      "url": "https://www.youtube.com/watch?v=fc_RvxTtIwc",
      "videoId": "fc_RvxTtIwc",
      "thumbnail": "https://i.ytimg.com/vi/fc_RvxTtIwc/mqdefault.jpg",
      "publishedAt": "2023-10-10T15:01:35Z"
    },
    {
      "title": "Make Your Own Redux | The Complete Redux Course | Ep.03",
      "url": "https://www.youtube.com/watch?v=zCb7PNsKUIo",
      "videoId": "zCb7PNsKUIo",
      "thumbnail": "https://i.ytimg.com/vi/zCb7PNsKUIo/mqdefault.jpg",
      "publishedAt": "2023-10-18T16:00:50Z"
    },
    {
      "title": "Manage Complex State using Redux | The Complete Redux Course | Ep.04",
      "url": "https://www.youtube.com/watch?v=bRgSsPeb0GU",
      "videoId": "bRgSsPeb0GU",
      "thumbnail": "https://i.ytimg.com/vi/bRgSsPeb0GU/mqdefault.jpg",
      "publishedAt": "2023-10-17T11:25:35Z"
    },
    {
      "title": "Creating Multiple Reducers | combineReducers in Redux | The Complete Redux Course | Ep.05",
      "url": "https://www.youtube.com/watch?v=sziLH_2EiME",
      "videoId": "sziLH_2EiME",
      "thumbnail": "https://i.ytimg.com/vi/sziLH_2EiME/mqdefault.jpg",
      "publishedAt": "2023-10-18T12:16:04Z"
    },
    {
      "title": "Create Your Own combineReducers Function | The Complete Redux Course | Ep.06",
      "url": "https://www.youtube.com/watch?v=ee22Ap1z9J4",
      "videoId": "ee22Ap1z9J4",
      "thumbnail": "https://i.ytimg.com/vi/ee22Ap1z9J4/mqdefault.jpg",
      "publishedAt": "2023-10-20T13:09:19Z"
    },
    {
      "title": "Action Creators in Redux | The Complete Redux Course | Ep.07",
      "url": "https://www.youtube.com/watch?v=KdGZzo64UKY",
      "videoId": "KdGZzo64UKY",
      "thumbnail": "https://i.ytimg.com/vi/KdGZzo64UKY/mqdefault.jpg",
      "publishedAt": "2023-10-23T13:09:41Z"
    },
    {
      "title": "Connect Redux with React | The Complete Redux Course | Ep.08",
      "url": "https://www.youtube.com/watch?v=iEWYBpChRHI",
      "videoId": "iEWYBpChRHI",
      "thumbnail": "https://i.ytimg.com/vi/iEWYBpChRHI/mqdefault.jpg",
      "publishedAt": "2023-10-24T12:35:31Z"
    },
    {
      "title": "Make Shopping Cart using React and Redux | The Complete Redux Course | Ep.09",
      "url": "https://www.youtube.com/watch?v=s51v0Mx_s5I",
      "videoId": "s51v0Mx_s5I",
      "thumbnail": "https://i.ytimg.com/vi/s51v0Mx_s5I/mqdefault.jpg",
      "publishedAt": "2023-10-30T12:11:50Z"
    },
    {
      "title": "Create Your Own React Redux Library | The Complete Redux Course | Ep.10",
      "url": "https://www.youtube.com/watch?v=YAykiywcBjc",
      "videoId": "YAykiywcBjc",
      "thumbnail": "https://i.ytimg.com/vi/YAykiywcBjc/mqdefault.jpg",
      "publishedAt": "2023-12-23T13:54:31Z"
    },
    {
      "title": "What are Slices in Redux? | The Complete Redux Course | Ep.11",
      "url": "https://www.youtube.com/watch?v=ErSC-WcbJTM",
      "videoId": "ErSC-WcbJTM",
      "thumbnail": "https://i.ytimg.com/vi/ErSC-WcbJTM/mqdefault.jpg",
      "publishedAt": "2023-12-23T13:54:31Z"
    },
    {
      "title": "Immer in Redux | The Complete Redux Course | Ep.12",
      "url": "https://www.youtube.com/watch?v=NesTmtiK2lY",
      "videoId": "NesTmtiK2lY",
      "thumbnail": "https://i.ytimg.com/vi/NesTmtiK2lY/mqdefault.jpg",
      "publishedAt": "2023-11-11T12:44:47Z"
    },
    {
      "title": "Redux Toolkit in Hindi | The Complete Redux Course | Ep.13",
      "url": "https://www.youtube.com/watch?v=vK9pWUc-62I",
      "videoId": "vK9pWUc-62I",
      "thumbnail": "https://i.ytimg.com/vi/vK9pWUc-62I/mqdefault.jpg",
      "publishedAt": "2023-11-14T13:49:17Z"
    },
    {
      "title": "Make Your Own Redux Toolkit | The Complete Redux Course | Ep.14",
      "url": "https://www.youtube.com/watch?v=FGTxD9dPAUo",
      "videoId": "FGTxD9dPAUo",
      "thumbnail": "https://i.ytimg.com/vi/FGTxD9dPAUo/mqdefault.jpg",
      "publishedAt": "2023-11-20T12:46:29Z"
    },
    {
      "title": "Middleware in Redux | The Complete Redux Course | Ep.15",
      "url": "https://www.youtube.com/watch?v=LP1J0G-o4pM",
      "videoId": "LP1J0G-o4pM",
      "thumbnail": "https://i.ytimg.com/vi/LP1J0G-o4pM/mqdefault.jpg",
      "publishedAt": "2023-11-23T13:03:46Z"
    },
    {
      "title": "Making API Call in Redux | The Complete Redux Course | Ep.16",
      "url": "https://www.youtube.com/watch?v=zo-ZbycZAc4",
      "videoId": "zo-ZbycZAc4",
      "thumbnail": "https://i.ytimg.com/vi/zo-ZbycZAc4/mqdefault.jpg",
      "publishedAt": "2023-12-23T13:56:26Z"
    },
    {
      "title": "Selectors in Redux | The Complete Redux Course | Ep.17",
      "url": "https://www.youtube.com/watch?v=bVGJPExLIeE",
      "videoId": "bVGJPExLIeE",
      "thumbnail": "https://i.ytimg.com/vi/bVGJPExLIeE/mqdefault.jpg",
      "publishedAt": "2023-12-23T13:56:26Z"
    },
    {
      "title": "Custom API Middleware in Redux | The Complete Redux Course | Ep.18",
      "url": "https://www.youtube.com/watch?v=6FPfGm6YiwU",
      "videoId": "6FPfGm6YiwU",
      "thumbnail": "https://i.ytimg.com/vi/6FPfGm6YiwU/mqdefault.jpg",
      "publishedAt": "2023-12-08T11:00:31Z"
    },
    {
      "title": "Fetch Data using Redux Thunk | The Complete Redux Course | Ep.19",
      "url": "https://www.youtube.com/watch?v=mFCSwblmISk",
      "videoId": "mFCSwblmISk",
      "thumbnail": "https://i.ytimg.com/vi/mFCSwblmISk/mqdefault.jpg",
      "publishedAt": "2023-12-12T12:48:41Z"
    },
    {
      "title": "createAsyncThunk in Redux Toolkit | The Complete Redux Course | Ep.20",
      "url": "https://www.youtube.com/watch?v=_MReTAtN6eo",
      "videoId": "_MReTAtN6eo",
      "thumbnail": "https://i.ytimg.com/vi/_MReTAtN6eo/mqdefault.jpg",
      "publishedAt": "2023-12-16T08:27:26Z"
    },
    {
      "title": "RTK Query Complete Guide in Hindi | CRUD Operations, Caching & Optimistic Updates |  Ep.21",
      "url": "https://www.youtube.com/watch?v=OJ1tkK3mJSw",
      "videoId": "OJ1tkK3mJSw",
      "thumbnail": "https://i.ytimg.com/vi/OJ1tkK3mJSw/mqdefault.jpg",
      "publishedAt": "2023-12-19T10:19:22Z"
    },
    {
      "title": "Guru Dakshina",
      "url": "https://www.youtube.com/watch?v=_ifL3Dx1_jo",
      "videoId": "_ifL3Dx1_jo",
      "thumbnail": "https://i.ytimg.com/vi/_ifL3Dx1_jo/mqdefault.jpg",
      "publishedAt": "2023-12-28T12:47:22Z"
    }
  ],
  "whatYouWillLearn": [
    "Master the fundamentals and core concepts",
    "Build real-world projects and applications",
    "Understand best practices and industry standards",
    "Develop problem-solving skills",
    "Learn debugging and testing techniques"
  ],
  "requirements": [
    "Basic computer knowledge",
    "Internet connection for video streaming",
    "Code editor (VS Code recommended)",
    "Motivation to learn and practice"
  ],
  "rating": {
    "average": 4.8,
    "count": 234,
    "breakdown": {
      "1": 1,
      "2": 2,
      "3": 28,
      "4": 141,
      "5": 159
    }
  },
  "duration": "10h 12m",
  "level": "Advanced",
  "language": "English",
  "studentsEnrolled": 1035,
  "lastUpdated": "2025-10-20",
  "features": [
    "Lifetime Access",
    "Certificate of Completion",
    "Mobile and Desktop Access",
    "Downloadable Resources",
    "Community Support"
  ],
  "teacherId": "anurag-singh-procodrr"
}