{
  "courseName": "Theory-of-Computation",
  "coursecategory": "gate",
  "viewtype": "both",
  "des": "Learn Theory of Computation TOC for GATE 2028 by Amit Khurana Sir Hinglish with comprehensive video tutorials and hands-on projects.",
  "imageofcourse": "https://i.ytimg.com/vi/BvdTGXccV1s/hq720.jpg?sqp=-oaymwEhCK4FEIIDSFryq4qpAxMIARUAAAAAGAElAADIQj0AgKJD&rs=AOn4CLDf-T8O9zlz6zldmLAkDKlaFJVGCw",
  "audio": "hinglish",
  "cost": 0,
  "videoType": "hls",
  "subsection": [
    "amit-khurana",
    "gate",
    "computer-science"
  ],
  "redirecturl": "",
  "rank": "high",
  "videos": [
    {
      "title": "Ambiguity in CFG",
      "url": "https://appx-transcoded-videos-mcdn.akamai.net.in/videos/gatecseamitkhurana-data/484123-1704705954/hls-ae4521/720p/master-5884425.4787915815.m3u8"
    },
    {
      "title": "Reduction of CFG",
      "url": "https://appx-transcoded-videos-mcdn.akamai.net.in/videos/gatecseamitkhurana-data/487354-1704804630/hls-f3bc36/720p/master-8221657.301157159.m3u8"
    },
    {
      "title": "Normal Forms (CNF and GNF)",
      "url": "https://appx-transcoded-videos-mcdn.akamai.net.in/videos/gatecseamitkhurana-data/490322-1704897347/hls-9d21be/720p/master-5107391.161182026.m3u8"
    },
    {
      "title": "Introduction to PDA part 1",
      "url": "https://appx-transcoded-videos-mcdn.akamai.net.in/videos/gatecseamitkhurana-data/493601-1704983025/hls-bd57f5/720p/master-6657414.61927621.m3u8"
    },
    {
      "title": "Introduction to PDA part 2",
      "url": "https://appx-transcoded-videos-mcdn.akamai.net.in/videos/gatecseamitkhurana-data/496406-1705067601/hls-c90024/720p/master-3931430.884027185.m3u8"
    },
    {
      "title": "Introduction to PDA part 3",
      "url": "https://appx-transcoded-videos-mcdn.akamai.net.in/videos/gatecseamitkhurana-data/499122-1705157599/hls-60ba00/720p/master-7894936.277098739.m3u8"
    },
    {
      "title": "PDA PYQ , Identifying DCFL",
      "url": "https://appx-transcoded-videos-mcdn.akamai.net.in/videos/gatecseamitkhurana-data/500016-1705248500/hls-1b11b4/720p/master-8655013.131787851.m3u8"
    },
    {
      "title": "Closure properties of DCFL and some Additional Closure properties",
      "url": "https://appx-transcoded-videos-mcdn.akamai.net.in/videos/gatecseamitkhurana-data/506078-1705477990/hls-912014/720p/master-7431615.470161861.m3u8"
    },
    {
      "title": "Introduction to Turing machines part 1",
      "url": "https://appx-transcoded-videos-mcdn.akamai.net.in/videos/gatecseamitkhurana-data/508159-1705556484/hls-dd43e8/720p/master-7187497.700444496.m3u8"
    },
    {
      "title": "Introduction to Turing machines part 1",
      "url": "https://appxcontent-mcdn.akamai.net.in/paid_course4/2024-01-18-0.12276663801342502.pdf"
    },
    {
      "title": "Introduction to Turing machines part 2, Church turing thesis",
      "url": "https://appx-transcoded-videos-mcdn.akamai.net.in/videos/gatecseamitkhurana-data/511407-1705650300/hls-b65c7a/720p/master-9766757.527115049.m3u8"
    },
    {
      "title": "Variations of TM",
      "url": "https://appx-transcoded-videos-mcdn.akamai.net.in/videos/gatecseamitkhurana-data/514544-1705740833/hls-6e243e/720p/master-5608676.702306274.m3u8"
    },
    {
      "title": "Decidability part 1",
      "url": "https://appx-transcoded-videos-mcdn.akamai.net.in/videos/gatecseamitkhurana-data/516352-1705841271/hls-eb4fcf/720p/master-1778390.9840212942.m3u8"
    },
    {
      "title": "Decidability part 2",
      "url": "https://appx-transcoded-videos-mcdn.akamai.net.in/videos/gatecseamitkhurana-data/518049-1705935775/hls-452828/720p/master-5040271.119851966.m3u8"
    },
    {
      "title": "Decidability part 3",
      "url": "https://appx-transcoded-videos-mcdn.akamai.net.in/videos/gatecseamitkhurana-data/522166-1706080381/hls-5e0271/720p/master-4164034.8375343317.m3u8"
    },
    {
      "title": "Decidability part 4",
      "url": "https://appx-transcoded-videos-mcdn.akamai.net.in/videos/gatecseamitkhurana-data/524823-1706166245/hls-de287e/720p/master-9279969.049796207.m3u8"
    },
    {
      "title": "Decidability part 5",
      "url": "https://appx-transcoded-videos-mcdn.akamai.net.in/videos/gatecseamitkhurana-data/526782-1706335115/hls-8c49e8/720p/master-3220848.2771984427.m3u8"
    },
    {
      "title": "Decidability part 5(Rice Theorem)",
      "url": "https://appx-transcoded-videos-mcdn.akamai.net.in/videos/gatecseamitkhurana-data/527674-1706267436/hls-a3ab3f/720p/master-7777201.561110285.m3u8"
    },
    {
      "title": "Syllabus of TOC",
      "url": "https://appx-recordings-mcdn.akamai.net.in/drm/ddf58d13-2bb1-4ca3-bed4-7b5eddbb5193/720p/drm-hls/master-3786400.9601247297.m3u8.m3u8"
    },
    {
      "title": "Syllabus of TOC",
      "url": "https://appx-wsb-gcp-mcdn.akamai.net.in/paid_course4/2023-11-22-0.23642218057116504.pdf"
    },
    {
      "title": "lecture 1- Basic Terms Used in TOC",
      "url": "https://transcoded-videos-v2.classx.co.in/videos/gatecseamitkhurana-data/242507-1739708735/hls-a4c8d5/720p/master-5213987.217603968.m3u8"
    },
    {
      "title": "lecture 2 Introduction to FA",
      "url": "https://transcoded-videos-v2.classx.co.in/videos/gatecseamitkhurana-data/242508-1739708736/hls-1e85da/720p/master-7405869.784569568.m3u8"
    },
    {
      "title": "lecture 3 Construction of FA part 1",
      "url": "https://transcoded-videos-v2.classx.co.in/videos/gatecseamitkhurana-data/242509-1739708736/hls-22c253/720p/master-2806134.8079185323.m3u8"
    },
    {
      "title": "lecture 4 Construction of FA part 2",
      "url": "https://transcoded-videos-v2.classx.co.in/videos/gatecseamitkhurana-data/242510-1739708737/hls-e0baa6/720p/master-6383659.489431748.m3u8"
    },
    {
      "title": "lecture 5 Construction of FA part 3",
      "url": "https://transcoded-videos-v2.classx.co.in/videos/gatecseamitkhurana-data/242511-1739708737/hls-6c9be7/720p/master-9138790.9461338.m3u8"
    },
    {
      "title": "lecture 6 Construction of FA part 4",
      "url": "https://transcoded-videos-v2.classx.co.in/videos/gatecseamitkhurana-data/242512-1739708737/hls-aa8d3d/720p/master-7184568.548669105.m3u8"
    },
    {
      "title": "lecture 7 Construction of FA part 5 , NFA to DFA conversion",
      "url": "https://transcoded-videos-v2.classx.co.in/videos/gatecseamitkhurana-data/242513-1739708738/hls-47c4e8/720p/master-6373282.375815199.m3u8"
    },
    {
      "title": "lecture 8 Minimization of states of DFA , NFA with null move",
      "url": "https://transcoded-videos-v2.classx.co.in/videos/gatecseamitkhurana-data/242514-1739708738/hls-cc9180/720p/master-4173667.6062763855.m3u8"
    },
    {
      "title": "lecture 9 NFA with null move, Intro to Grammars",
      "url": "https://transcoded-videos-v2.classx.co.in/videos/gatecseamitkhurana-data/242515-1739708738/hls-fbe22b/720p/master-2648208.7943307417.m3u8"
    },
    {
      "title": "lecture 10 Chomsky hierarchy",
      "url": "https://transcoded-videos-v2.classx.co.in/videos/gatecseamitkhurana-data/242516-1739708738/hls-3b231b/720p/master-4148844.0860986174.m3u8"
    },
    {
      "title": "lecture 11 Construction of regular grammars",
      "url": "https://transcoded-videos-v2.classx.co.in/videos/gatecseamitkhurana-data/242517-1739708739/hls-4ad858/720p/master-2817522.924916356.m3u8"
    },
    {
      "title": "lecture 12 Construction of regular grammars, Context Free Grammars",
      "url": "https://transcoded-videos-v2.classx.co.in/videos/gatecseamitkhurana-data/242518-1739708739/hls-b16fe8/720p/master-7242493.926129394.m3u8"
    },
    {
      "title": "lecture 13 Construction of Context Free Grammars",
      "url": "https://transcoded-videos-v2.classx.co.in/videos/gatecseamitkhurana-data/242519-1739708739/hls-b253dd/720p/master-8434731.801049832.m3u8"
    },
    {
      "title": "lecture 17 closure properties of languages",
      "url": "https://transcoded-videos-v2.classx.co.in/videos/gatecseamitkhurana-data/242523-1739708740/hls-3fbb94/720p/master-6217396.320253287.m3u8"
    },
    {
      "title": "lecture 18 closure properties of RE and REC languages",
      "url": "https://transcoded-videos-v2.classx.co.in/videos/gatecseamitkhurana-data/242524-1739708740/hls-5dcc68/720p/master-1674470.4630692063.m3u8"
    },
    {
      "title": "lecture 19 Regular Expression part 1",
      "url": "https://transcoded-videos-v2.classx.co.in/videos/gatecseamitkhurana-data/242525-1739708741/hls-1e3ec5/720p/master-6863535.037129871.m3u8"
    },
    {
      "title": "lecture 20 Regular Expression part 2",
      "url": "https://transcoded-videos-v2.classx.co.in/videos/gatecseamitkhurana-data/242526-1739708741/hls-9a1c76/720p/master-2277394.5679342235.m3u8"
    },
    {
      "title": "lecture 21 FA to regular Expressions (Arden's Theorem)",
      "url": "https://transcoded-videos-v2.classx.co.in/videos/gatecseamitkhurana-data/242527-1739708741/hls-d1175c/720p/master-2033885.0188709623.m3u8"
    },
    {
      "title": "lecture 22 FA to regular Expressions (State Elimination Method), R.E to FA",
      "url": "https://transcoded-videos-v2.classx.co.in/videos/gatecseamitkhurana-data/242528-1739708742/hls-7f7edb/720p/master-2945896.204585343.m3u8"
    },
    {
      "title": "lecture 23 Pumping Lemma Part 1",
      "url": "https://transcoded-videos-v2.classx.co.in/videos/gatecseamitkhurana-data/242529-1739708742/hls-2e6467/720p/master-4160652.768927926.m3u8"
    },
    {
      "title": "lecture 24 lecture - Pumping Length",
      "url": "https://transcoded-videos-v2.classx.co.in/videos/gatecseamitkhurana-data/242530-1739708743/hls-42b41c/720p/master-8622960.246963808.m3u8"
    },
    {
      "title": "lecture 25 Counting FA and My hill nerode theorem",
      "url": "https://transcoded-videos-v2.classx.co.in/videos/gatecseamitkhurana-data/242531-1739708743/hls-40138a/720p/master-5179327.997034495.m3u8"
    },
    {
      "title": "lecture 14- Construction of Context Free Grammars and context sensitive grammars",
      "url": "https://transcoded-videos-v2.classx.co.in/videos/gatecseamitkhurana-data/245192-1739896651/hls-89e9fc/720p/master-8756973.44829622.m3u8"
    },
    {
      "title": "lecture 15- Some exceptional questions on regular languages",
      "url": "https://transcoded-videos-v2.classx.co.in/videos/gatecseamitkhurana-data/245193-1739896652/hls-2c18d1/720p/master-1224100.4712378522.m3u8"
    },
    {
      "title": "lecture 16- Identifying the type of language",
      "url": "https://transcoded-videos-v2.classx.co.in/videos/gatecseamitkhurana-data/245194-1739896653/hls-f17d19/720p/master-5976263.4595395485.m3u8"
    }
  ],
  "whatYouWillLearn": [
    "Master finite automata and regular languages",
    "Understand context-free grammars and pushdown automata",
    "Learn Turing machines and computability theory",
    "Master decidability and complexity theory concepts",
    "Solve GATE-level problems on formal languages",
    "Understand computational complexity classes (P, NP, NP-Complete)"
  ],
  "requirements": [
    "Basic understanding of formal languages and automata",
    "Knowledge of mathematical logic and set theory",
    "Internet connection for video streaming",
    "Notebook for drawing state diagrams and proofs",
    "GATE exam preparation mindset and dedication"
  ],
  "rating": {
    "average": 4.2,
    "count": 516,
    "breakdown": {
      "1": 3,
      "2": 2,
      "3": 33,
      "4": 53,
      "5": 225
    }
  },
  "duration": "12h 21m",
  "level": "Advanced",
  "language": "English",
  "studentsEnrolled": 151,
  "lastUpdated": "2025-10-20",
  "features": [
    "Lifetime Access",
    "Certificate of Completion",
    "Mobile and Desktop Access",
    "Downloadable Resources",
    "Community Support"
  ],
  "teacherId": "amit-khurana"
}